fd27c8b5219d16cedf386929498b8ec57a0045c3,DELETE,executable,.DS_Store,6148,
fd27c8b5219d16cedf386929498b8ec57a0045c3,DELETE,executable,.DS_Store.orig,6148,
e69de29bb2d1d6434b8b29ae775ad8c2e48c5391,DELETE,regular-file,.DS_Store_BACKUP_2523,0,
fd27c8b5219d16cedf386929498b8ec57a0045c3,DELETE,executable,.DS_Store_BACKUP_2596,6148,
e69de29bb2d1d6434b8b29ae775ad8c2e48c5391,DELETE,regular-file,.DS_Store_BASE_2596,0,
fd27c8b5219d16cedf386929498b8ec57a0045c3,DELETE,regular-file,.DS_Store_LOCAL_2596,6148,
289e68524bbfb6413fc0283b8a5c9880a3fc9cc6,DELETE,regular-file,.DS_Store_REMOTE_2596,6148,
da69c3bfe4a8c7522acf5e9738f2e306e12379b8,DELETE,executable,.git.bfg-report/2016-04-27/16-23-10/protected-dirt/86733a55-HEAD.csv,819,
da69c3bfe4a8c7522acf5e9738f2e306e12379b8,DELETE,executable,.git.bfg-report/2016-04-27/16-23-44/protected-dirt/86733a55-HEAD.csv,819,
da69c3bfe4a8c7522acf5e9738f2e306e12379b8,DELETE,executable,.git.bfg-report/2016-04-27/16-27-15/protected-dirt/86733a55-HEAD.csv,819,
da69c3bfe4a8c7522acf5e9738f2e306e12379b8,DELETE,executable,.git.bfg-report/2016-04-27/16-29-31/protected-dirt/86733a55-HEAD.csv,819,
da69c3bfe4a8c7522acf5e9738f2e306e12379b8,DELETE,executable,.git.bfg-report/2016-04-27/16-31-07/protected-dirt/86733a55-HEAD.csv,819,
af5191423d505e2503eaff346e4a1f4e6d61442f,DELETE,executable,.git.bfg-report/2016-04-27/16-32-00/protected-dirt/f88cd975-HEAD.csv,725,
a11c57364fa389eccbc470ee7341aba8813ac634,DELETE,regular-file,.git.bfg-report/2016-06-16/10-39-59/cache-stats.txt,521,
6de4584608c3bbbedf0224f53ec70f57bd03b7c9,DELETE,regular-file,.git.bfg-report/2016-06-16/10-39-59/deleted-files.txt,558,
f4da481b9ea75317b863c4ed9a2cde2d93ebbe56,DELETE,regular-file,.git.bfg-report/2016-06-16/10-39-59/object-id-map.old-new.txt,5083,
6663c59b1868ac867125303ee4b9045de08e967a,DELETE,regular-file,.git.bfg-report/2016-06-16/10-39-59/protected-dirt/8beeabf9-HEAD.csv,1288,
6663c59b1868ac867125303ee4b9045de08e967a,DELETE,regular-file,.git.bfg-report/2016-06-16/10-44-23/protected-dirt/9bf2615b-HEAD.csv,1288,
01839ae836ba7d6f1671316c316e4b7b00285455,DELETE,regular-file,.git.bfg-report/2016-06-16/10-48-31/cache-stats.txt,521,
6de4584608c3bbbedf0224f53ec70f57bd03b7c9,DELETE,regular-file,.git.bfg-report/2016-06-16/10-48-31/deleted-files.txt,558,
3b823ebf919ad88a5e110b01c509fb4b8de2affe,DELETE,regular-file,.git.bfg-report/2016-06-16/10-48-31/object-id-map.old-new.txt,5329,
6663c59b1868ac867125303ee4b9045de08e967a,DELETE,regular-file,.git.bfg-report/2016-06-16/10-48-31/protected-dirt/21e9f61a-HEAD.csv,1288,
6663c59b1868ac867125303ee4b9045de08e967a,DELETE,regular-file,.git.bfg-report/2016-06-16/10-52-44/protected-dirt/004a541d-HEAD.csv,1288,
6663c59b1868ac867125303ee4b9045de08e967a,DELETE,regular-file,.git.bfg-report/2016-06-16/10-54-01/protected-dirt/004a541d-HEAD.csv,1288,
6663c59b1868ac867125303ee4b9045de08e967a,DELETE,regular-file,.git.bfg-report/2016-06-16/10-56-43/protected-dirt/004a541d-HEAD.csv,1288,
6663c59b1868ac867125303ee4b9045de08e967a,DELETE,regular-file,.git.bfg-report/2016-06-16/11-02-17/protected-dirt/004a541d-HEAD.csv,1288,
024a47d3ce087ea31a486460c58faf67d2da54e4,DELETE,regular-file,.git.bfg-report/2016-06-16/11-04-49/cache-stats.txt,520,
6de4584608c3bbbedf0224f53ec70f57bd03b7c9,DELETE,regular-file,.git.bfg-report/2016-06-16/11-04-49/deleted-files.txt,558,
3d11c6d48e4d4ac003962da5309e077def6bd40b,DELETE,regular-file,.git.bfg-report/2016-06-16/11-04-49/object-id-map.old-new.txt,5575,
317de126d73a48b0dfba3fd231d18ef8a9dbd62a,DELETE,regular-file,.git.bfg-report/2016-06-16/11-04-49/protected-dirt/3c7b2535-HEAD.csv,1130,
abb79a518c4de93e5167209358f6342f3fb0766d,DELETE,regular-file,.git.bfg-report/2016-06-16/11-09-21/cache-stats.txt,521,
6de4584608c3bbbedf0224f53ec70f57bd03b7c9,DELETE,regular-file,.git.bfg-report/2016-06-16/11-09-21/deleted-files.txt,558,
21ff95b49017f659f2f1feb4bdc3bdc4c03d253c,DELETE,regular-file,.git.bfg-report/2016-06-16/11-09-21/object-id-map.old-new.txt,5821,
c413fffa0707ceb448489d2ec8f089a53664228a,DELETE,regular-file,.git.bfg-report/2016-06-16/11-09-21/protected-dirt/eee46cb1-HEAD.csv,196,
0fe1d25a1277d4feb23de88a0fab77874854fe17,DELETE,regular-file,.git.bfg-report/2016-06-16/11-10-48/cache-stats.txt,522,
6de4584608c3bbbedf0224f53ec70f57bd03b7c9,DELETE,regular-file,.git.bfg-report/2016-06-16/11-10-48/deleted-files.txt,558,
a794321636c1b9aecd405a9aecd3ff10afcf39ee,DELETE,regular-file,.git.bfg-report/2016-06-16/11-10-48/object-id-map.old-new.txt,6149,
fef5ddfacb5cf683c7de421a7257289e63ac6b8a,DELETE,regular-file,.git.bfg-report/2016-06-16/11-10-48/protected-dirt/5c65a630-HEAD.csv,105,
fef5ddfacb5cf683c7de421a7257289e63ac6b8a,DELETE,regular-file,.git.bfg-report/2016-06-16/11-14-27/protected-dirt/badafe90-HEAD.csv,105,
f2b505a0e07a3cbc7e37cf586e5495726d7e00f7,DELETE,regular-file,.git.bfg-report/2016-06-16/11-19-06/cache-stats.txt,522,
6de4584608c3bbbedf0224f53ec70f57bd03b7c9,DELETE,regular-file,.git.bfg-report/2016-06-16/11-19-06/deleted-files.txt,558,
98dd87af619dcf63d99134b435078ef03deef193,DELETE,regular-file,.git.bfg-report/2016-06-16/11-19-06/object-id-map.old-new.txt,6477,
b9bb6caeaa0c18410400eb614b3ec2533a4629dd,DELETE,regular-file,.git.bfg-report/2016-06-16/11-40-12/cache-stats.txt,523,
0bf4484b402eb4ad8b5fa85af9e769f6e5c046f7,DELETE,regular-file,.git.bfg-report/2016-06-16/11-40-12/deleted-files.txt,70415,
b6b9bba607fcb6220d95f5c9e4abb8578ac306d0,DELETE,regular-file,.git.bfg-report/2016-06-16/11-40-12/object-id-map.old-new.txt,53463,
a173068cdcdc52120af94632b6b7b5fc10e1b78d,DELETE,regular-file,.git.bfg-report/2016-06-16/11-40-12/protected-dirt/65066b88-HEAD.csv,89368,
66c26395f4d7ea45c5c3b0af304cef38b3d428e9,DELETE,regular-file,.git.bfg-report/2016-06-16/11-50-10/cache-stats.txt,525,
c85598cf6726a1199e1b3affc3a3aa15ab03d78e,DELETE,regular-file,.git.bfg-report/2016-06-16/11-50-10/deleted-files.txt,59,
511aa2313a038f25507a61eb9a37c11d41c03f3a,DELETE,regular-file,.git.bfg-report/2016-06-16/11-50-10/object-id-map.old-new.txt,7379,
13c1774a045d32528e830a65f4745b008d8ec6cb,DELETE,regular-file,.git.bfg-report/2016-06-16/11-59-22/cache-stats.txt,526,
c85598cf6726a1199e1b3affc3a3aa15ab03d78e,DELETE,regular-file,.git.bfg-report/2016-06-16/11-59-22/deleted-files.txt,59,
20a3ecbbabfbf529c39f429b74b4702a0aca4593,DELETE,regular-file,.git.bfg-report/2016-06-16/11-59-22/object-id-map.old-new.txt,7461,
5028ecc3dc2159759c105ed48f3b9d38047ba3b3,DELETE,regular-file,.git.bfg-report/2016-06-16/12-03-57/cache-stats.txt,526,
c85598cf6726a1199e1b3affc3a3aa15ab03d78e,DELETE,regular-file,.git.bfg-report/2016-06-16/12-03-57/deleted-files.txt,59,
918897451963e0e0eb189fcf0cd451a41e9d7215,DELETE,regular-file,.git.bfg-report/2016-06-16/12-03-57/object-id-map.old-new.txt,7543,
f6ad8c2b04b372d350942bc54b732cd4f7262223,DELETE,regular-file,.git.bfg-report/2016-06-16/12-07-19/cache-stats.txt,526,
c85598cf6726a1199e1b3affc3a3aa15ab03d78e,DELETE,regular-file,.git.bfg-report/2016-06-16/12-07-19/deleted-files.txt,59,
9a94e317585f97d321d09257cf9da8ec64044b10,DELETE,regular-file,.git.bfg-report/2016-06-16/12-07-19/object-id-map.old-new.txt,7707,
0f31cd90f347dad7f52b7ab64a35ecb090247861,DELETE,regular-file,.gitattributes,211,
ca4002387cce772c1881fdff23ac5f7f1193081f,DELETE,executable,Attacks/DOS.sh,1681,
9c0eef5e194fe3e6b1ba476ab1e20bafa286ea9f,DELETE,executable,Attacks/DOSOperation.sh,1193,
d60c31a97a544b53039088d14fe9114583c0efc3,DELETE,executable,COPYING,17992,
5008ddfcf53c02e82d7eee2e57c38e5672ef89f6,DELETE,executable,Custom/.DS_Store,6148,
b38bca859605cb017bc6a8615f6115cd69971f56,DELETE,executable,Custom/Constants.py,390,
d76d23bbd1b27d5337bb922fa293ab34bc56861d,DELETE,executable,Custom/Constants.pyc,854,
f7971b1aefc904118efcf55383b0ffaadc240f8c,DELETE,executable,Custom/Print.py,144,
36a369b5281bed3eb5d4a85888bac1f1fe95c0d0,DELETE,executable,Custom/Print.pyc,649,
d62c08e0ba2c20429c05e922f0ec3db526df200c,DELETE,executable,Custom/custom.py,227,
8b7cfedaf9f19f4493904fe2ee91fe30cf0a15a9,DELETE,executable,DB/InsertIntoCollection.py,474,
4be7e6eca91209fa2516730413d09ad7f9bc961c,DELETE,executable,DB/OutputCollection.py,223,
8e8cd88d1063eafa5e4798a9b26248c712e4d0c6,DELETE,executable,DB/Query.py,401,
974ae37b2cdd313691a9b864f11d4452563d5580,DELETE,executable,DB/RemoveCollection.py,99,
e69de29bb2d1d6434b8b29ae775ad8c2e48c5391,DELETE,executable,MemoryDumps/Bulk_Extractor/alerts.txt,0,
eb18667e3aaea428ddab1f3621a23478aaa564de,DELETE,executable,MemoryDumps/Bulk_Extractor/ether.txt,370583,
02e8c6ffe40f236288c9450f9fa9dec64c386383,DELETE,executable,MemoryDumps/Bulk_Extractor/ether_histogram.txt,467,
32932319760cefeb0001df4ec01ec2a43b2ab8c5,DELETE,executable,MemoryDumps/Bulk_Extractor/ip.txt,751593,
05e0d94426e4741a77844d4e0cf23ad97481f4dc,DELETE,executable,MemoryDumps/Bulk_Extractor/ip_histogram.txt,715,
8444c823b3406567656a2b25c8b1e29f90191c66,DELETE,executable,MemoryDumps/Bulk_Extractor/packets.pcap,39948,
5a2abd3e67330a415e4d3a6b305335fd0888de9e,DELETE,executable,MemoryDumps/Bulk_Extractor/report.xml,6954,
6630e36766927fa1d99496539719e1c78446e300,DELETE,executable,MemoryDumps/Bulk_Extractor/report.xml.1456523065,5475,
5dacb6bd08d34d6cf1a7416dd70fab396f3c0639,DELETE,executable,MemoryDumps/Bulk_Extractor/report.xml.1456523071,3995,
a6b65fb9217ef28e9cb471a8881ff2e59cde8cb0,DELETE,executable,MemoryDumps/Bulk_Extractor/report.xml.1456523091,5470,
b0a89cf9dff1c43b9bfff7c615c8aa8404e79f1e,DELETE,executable,MemoryDumps/Bulk_Extractor/report.xml.1456523306,4003,
c4bb188da6d562a97ec50f9c430625bcee395d6c,DELETE,executable,MemoryDumps/Bulk_Extractor/report.xml.1456523318,5471,
883e59855143be17f55994892e86c8b6de2877b9,DELETE,executable,MemoryDumps/Bulk_Extractor/report.xml.1456523331,4024,
ffe88fd3e1345ae3ba9ee8826bbb51dfe346ef19,DELETE,executable,MemoryDumps/Bulk_Extractor/report.xml.1456523443,5472,
bed398cbfea6c573152a80a09033a0e05f790b46,DELETE,executable,MemoryDumps/Bulk_Extractor/report.xml.1456526347,4018,
ad958cce062130f678459cde546b5dcca0338741,DELETE,executable,MemoryDumps/Bulk_Extractor/report.xml.1456526386,5471,
b887dee2fdff5fc682aacb1f4db0bf1648c05457,DELETE,executable,MemoryDumps/Bulk_Extractor/report.xml.1456526443,4024,
8004260b6a31e1c7d1069eb4fade175a76a8e785,DELETE,executable,MemoryDumps/Bulk_Extractor/report.xml.1456526604,5471,
2e1ccfbf11e41e6b5ffe918d6416d090fdd48512,DELETE,executable,MemoryDumps/Bulk_Extractor/report.xml.1456526658,4025,
5e480824f1e570a7efe7ac23aaf66a565b218a18,DELETE,executable,MemoryDumps/Bulk_Extractor/report.xml.1456526955,5472,
7fd01725945de44651e93767a4b9a27710ed834e,DELETE,executable,MemoryDumps/Bulk_Extractor/report.xml.1456862610,4022,
cca80e881a03652984a152f6698467da41cf2abd,DELETE,executable,MemoryDumps/Bulk_Extractor/report.xml.1456949233,5471,
487ec865e68fb118c52d31d6b1eeedadf7e0a4e5,DELETE,executable,MemoryDumps/Bulk_Extractor/report.xml.1456949263,4017,
214aea5fc13ff22f1377ac16105641d0c3cc35fb,DELETE,executable,MemoryDumps/Bulk_Extractor/report.xml.1456949343,5467,
6fd78f831be25d5938587228f638dca7df59dba6,DELETE,executable,MemoryDumps/Bulk_Extractor/report.xml.1456949352,4021,
5ea5853aea6d8c62563dfcdddbc6e1fe5b65211b,DELETE,executable,MemoryDumps/Bulk_Extractor/report.xml.1456949371,5469,
5e9001e199c7075cdf26e9d9cb7f2412c3b2ce5e,DELETE,executable,MemoryDumps/Bulk_Extractor/report.xml.1456949379,4025,
ee370be09a0cacb7599bc3b3a1f456ab739b50ab,DELETE,executable,MemoryDumps/Bulk_Extractor/report.xml.1456949409,5480,
68e59b983f72619e4b931d71c327cd7aef7075c1,DELETE,executable,MemoryDumps/Bulk_Extractor/report.xml.1456949429,4017,
c9aaef8dafea3f85bebbbca62b59fa514060967c,DELETE,executable,MemoryDumps/Bulk_Extractor/report.xml.1456949452,5471,
2e9941224e43208135ecab237e3ea00e5f777220,DELETE,executable,MemoryDumps/Bulk_Extractor/report.xml.1456949472,4024,
9212d3d92fceb51866776b619bdf69a2c387ec1b,DELETE,executable,MemoryDumps/Bulk_Extractor/report.xml.1456949491,5470,
0cedd0c7eb06d788fb158e6b4143a0c1a8126f56,DELETE,executable,MemoryDumps/Bulk_Extractor/report.xml.1456949516,4025,
399d6f9ed5409ce6c550dc1a7f926a6335deb76d,DELETE,executable,MemoryDumps/Bulk_Extractor/report.xml.1456949541,5470,
08e0f54154e998ca4657f05314710838a1b2ebcd,DELETE,executable,MemoryDumps/Bulk_Extractor/report.xml.1456949571,4025,
ca8281b98d92c54b8101d936fecacefb5e9f8616,DELETE,executable,MemoryDumps/Bulk_Extractor/report.xml.1456949594,5472,
fe57fa2c526927ecf49821d884296e6ba1dd84ac,DELETE,executable,MemoryDumps/Bulk_Extractor/report.xml.1456949607,4023,
1beb69cdd8a07e6070004804fd87f529647af30f,DELETE,executable,MemoryDumps/Bulk_Extractor/report.xml.1456949620,5472,
c9f83e48e88de23529037c3154ffe616a68da8e4,DELETE,executable,MemoryDumps/Bulk_Extractor/report.xml.1456950645,4025,
95c2cd2c45de1b27ef1556723bfee224b92a248a,DELETE,executable,MemoryDumps/Bulk_Extractor/report.xml.1456953616,5471,
a694512e8c773f169b1ea293300a8fd3d8f62636,DELETE,executable,MemoryDumps/Bulk_Extractor/report.xml.1456953670,3997,
690bc708d122faeae9450b34acc1780d5771dec9,DELETE,executable,MemoryDumps/Bulk_Extractor/report.xml.1456953739,5470,
4e644b4d675fcea37e1b8ab493dd56eb48eed672,DELETE,executable,MemoryDumps/Bulk_Extractor/report.xml.1456953906,4023,
6dc59ec70741bca68c7960539b47115f83465405,DELETE,executable,MemoryDumps/Bulk_Extractor/report.xml.1456954040,5466,
69c4250994d37332e15f1b77c956cec1ab7e4eea,DELETE,executable,MemoryDumps/Bulk_Extractor/report.xml.1456954207,4025,
8b42a6b8127fd7a1db45350a78fc8d6bac89fde3,DELETE,executable,MemoryDumps/Bulk_Extractor/report.xml.1456954225,5472,
105069d4a30e36285a2047f795535db0f4baf1a2,DELETE,executable,MemoryDumps/Bulk_Extractor/report.xml.1456954237,4025,
b6f125b94f9d814e4e564c6bec3127861bbaf527,DELETE,executable,MemoryDumps/Bulk_Extractor/report.xml.1456954295,5471,
deac68a10b550052a33e5b892ad90fb7fbc7bf79,DELETE,executable,MemoryDumps/Bulk_Extractor/report.xml.1456954624,4026,
d111e978c87e6df5ce502c991a290346faf02347,DELETE,executable,MemoryDumps/Bulk_Extractor/report.xml.1456962215,5470,
2053883b2a90fce0b2e22d059019ee6792ba9afb,DELETE,executable,MemoryDumps/Bulk_Extractor/report.xml.1456962373,4015,
6d4b292fc512ef04492a89a2aea6306e12ae9786,DELETE,executable,MemoryDumps/Bulk_Extractor/report.xml.1458847105,5472,
dbad04c5c1e01bba7f9485888a45d83656e263af,DELETE,executable,MemoryDumps/Bulk_Extractor/report.xml.1458848288,4027,
ffb3474bac35f7d1c11dd62e2f5f3569bf687899,DELETE,executable,MemoryDumps/Bulk_Extractor/report.xml.1458848295,5469,
40023f7df79807c720c84b1c7db3197214ad917e,DELETE,executable,MemoryDumps/Bulk_Extractor/report.xml.1460585854,4025,
0d897eea900b52a746849f206778128ddbc64a3f,DELETE,executable,MemoryDumps/Bulk_Extractor/report.xml.1460585921,5470,
f3d49b5c7cda01f3b3d55309bc589d04b880577a,DELETE,executable,MemoryDumps/Bulk_Extractor/report.xml.1460585942,4023,
60f33bd209abb20612c3657b6b27b85f8ad5a2ad,DELETE,executable,MemoryDumps/Bulk_Extractor/report.xml.1460586038,5474,
26387d99f80297f81f9eee46a52f791ed7ce782b,DELETE,executable,MemoryDumps/Bulk_Extractor/report.xml.1460586125,4018,
c0a76baa4bb86b09e2df691dc35e04a2c4a9cec8,DELETE,executable,MemoryDumps/Bulk_Extractor/report.xml.1460586142,5472,
50c0ad01b1a025f44d16b24a25ea649c52660037,DELETE,executable,MemoryDumps/Bulk_Extractor/report.xml.1460667876,4026,
5fe000edafbd185b456489718c72767a081d939b,DELETE,executable,MemoryDumps/Bulk_Extractor/report.xml.1460667894,5470,
e712125d1a051ffc1c7d499d1447fe2ac7690289,DELETE,executable,MemoryDumps/Bulk_Extractor/report.xml.1462543462,4023,
d2975c5f5b67a4fbeb6d8a3a6228f78ca55e0b76,DELETE,executable,MemoryDumps/Bulk_Extractor/report.xml.1462543668,5474,
d1186ab3ac34f86796530881ff46e5f01c375719,DELETE,executable,MemoryDumps/Bulk_Extractor/report.xml.1462543692,4026,
2b268ea877e3a597603c01507ec1ce9c347630ac,DELETE,executable,MemoryDumps/Bulk_Extractor/report.xml.1462543702,5471,
f14db08d001e2aa9d4d2906f0cfa69a6a2ad5fd9,DELETE,executable,MemoryDumps/Bulk_Extractor/report.xml.1462543790,4019,
ba47a55bf7f81cfa8b0b8bf64d61f10b8ebe7f8f,DELETE,executable,MemoryDumps/Bulk_Extractor/report.xml.1462543827,5468,
7a1102532d7fae635f3d75f70e7b721639f7b2fc,DELETE,executable,MemoryDumps/Bulk_Extractor/report.xml.1462543837,4025,
9bca3a6742ca9327aec9119c39c70fe5356d1cec,DELETE,executable,MemoryDumps/Bulk_Extractor/report.xml.1462543861,5471,
e21396ad830c2039519de12db966bddcab90e19c,DELETE,executable,MemoryDumps/Bulk_Extractor/report.xml.1462543889,4026,
cc8177ad3d15b1521e78c06e81156c091b4a6a1a,DELETE,executable,MemoryDumps/Bulk_Extractor/report.xml.1462544592,5483,
4fbc2040d080b28d572dfc0f30468edcd1ac3d2b,DELETE,executable,MemoryDumps/Bulk_Extractor/report.xml.1462544618,4025,
30764d2994508825a9c3c8b23edd8b544e4081db,DELETE,executable,MemoryDumps/Bulk_Extractor/report.xml.1462545076,5472,
97386534b574d047fc39ee9733f5f551ca679dd5,DELETE,executable,MemoryDumps/Bulk_Extractor/report.xml.1462545091,4019,
426e806bf1acd6eb7764abd3b8f65e95fd1535cb,DELETE,executable,MemoryDumps/Bulk_Extractor/report.xml.1462547821,5482,
46061f057611c30b736c7d11d65f49bb1725f477,DELETE,executable,MemoryDumps/Bulk_Extractor/report.xml.1462548183,4012,
3c89dcb3b41333455bb4c82caa93ec99568ceb39,DELETE,executable,MemoryDumps/Bulk_Extractor/report.xml.1462548206,5472,
b1a22ae286e91b7e98435cc7982e947a4a03e5ef,DELETE,executable,MemoryDumps/Bulk_Extractor/report.xml.1462548227,4019,
4a5a451aca9ebf857a1d94627a5bc2223bb89604,DELETE,executable,MemoryDumps/Bulk_Extractor/report.xml.1462548238,5470,
049127547d1ffac248ebac4b291b10f90d23497c,DELETE,executable,MemoryDumps/Bulk_Extractor/report.xml.1462548244,4024,
24d1e9b457c55b2cbc50653d44a4312ff2cb7d9d,DELETE,executable,MemoryDumps/Bulk_Extractor/report.xml.1462548280,5470,
7ac15fe648614d88c22fbc38eceb12bcea0d840f,DELETE,executable,MemoryDumps/Bulk_Extractor/report.xml.1462548330,4019,
3262989e90de8f438f9c659bbdcb60af7e7a1972,DELETE,executable,MemoryDumps/Bulk_Extractor/report.xml.1462548373,5470,
003549d7cdb918500e116559acce94ac3c25299e,DELETE,executable,MemoryDumps/Bulk_Extractor/report.xml.1462548396,4026,
09368ec8c89eaa40a0894bf387d8a173571e6deb,DELETE,executable,MemoryDumps/Bulk_Extractor/report.xml.1462548408,5471,
aca3b90649c16ced9dafa10eb0471ead305e215a,DELETE,executable,MemoryDumps/Bulk_Extractor/report.xml.1462550282,4017,
c82d4a39b6aff06b9f6928d18ddea18c85a5a1c0,DELETE,executable,MemoryDumps/DOS.vmem,134,
c82d4a39b6aff06b9f6928d18ddea18c85a5a1c0,DELETE,executable,MemoryDumps/Folder/zeus-copy.vmem,134,
c82d4a39b6aff06b9f6928d18ddea18c85a5a1c0,DELETE,executable,MemoryDumps/KeyLogger.vmem,134,
c82d4a39b6aff06b9f6928d18ddea18c85a5a1c0,DELETE,executable,MemoryDumps/Rootkit.vmem,134,
c82d4a39b6aff06b9f6928d18ddea18c85a5a1c0,DELETE,executable,MemoryDumps/zeus.vmem,134,
c6733f0a461a85e03927bbb9c6083310c89bda3c,DELETE,executable,Parser/.DS_Store,6148,
b985cba0502b5fe9297f9f4fd92c071c5eb2c0b4,DELETE,executable,Parser/.myXml.xml.swp,4096,
74b9bcd09db3d3f13c51c017f0d2d13caaa3a191,DELETE,executable,Parser/Address.txt,10,
da6122d81b2d6ab5f07726eb48b0886c22ee23c2,DELETE,executable,Parser/AppendToFileNewLine.py,169,
cb71c752258986c76f2591f457463ddc6703ad6d,DELETE,executable,Parser/Constants.py,415,
4d34dc1a7ec74fa4e7a5bf5c293f419c02a3b345,DELETE,executable,Parser/Create-Time.txt,10,
761c90c9a5e252b83e2579b416a1a7416ca2d6ac,DELETE,executable,Parser/CyboxOneOperationXmlTemp.xml,44,
5008ddfcf53c02e82d7eee2e57c38e5672ef89f6,DELETE,executable,Parser/Examples/.DS_Store,6148,
4ad352ad530939f96ad303a66e30bc4a984020d5,DELETE,executable,Parser/Examples/BlackListDll.xml,562,
476b39739346beba752b8bfb176158f53089169b,DELETE,executable,Parser/Examples/BlackListIp.xml,1041,
5e52ab118d6cf92f24a96c56e0c4f62905abb371,DELETE,executable,Parser/Examples/BlackListPID.xml,717,
28c1974e4740ec1f9f14603b431e71a5a84e8a62,DELETE,executable,Parser/Examples/BlackListProcessName.xml,533,
3960dfadfe3fcf256c2eca91c7789ffd7889871e,DELETE,executable,Parser/Examples/DOS (copy).xml,215,
79881d20744f67068d3d4569e88e9eb92fdb7fae,DELETE,executable,Parser/Examples/DOSXML.xml,2271,
5c6ae6c6564d731fe9717f85ff75ad02f4da57a5,DELETE,executable,Parser/Examples/KeyLogger.xml,2493,
b832aaf7c9612d5e0093ed918330bc9620811a21,DELETE,executable,Parser/Examples/KeyLoggerFinal.xml,5198,
24a5c06698397c04fb4f5c62b3144e196c2c53de,DELETE,executable,Parser/Examples/Rootkit.xml,4195,
3ab252d8e99d3e9cfd3eb0120290d8dc02d26029,DELETE,executable,Parser/Examples/Zirak.xml,2171,
4728e483a23684f675261233846d30818d3e4acb,DELETE,executable,Parser/Examples/ZirakEmail.xml,1220,
9ebd5a2ed6a0c59e4d4f90c35562b39bc5fa6b39,DELETE,regular-file,Parser/Examples/ZirakFacebook.xml,1785,
70ff894d7cc321fe65e615cad52a810b08f1b050,DELETE,executable,Parser/Examples/clamav_to_yara.py,5786,
8e5b9a7edd9f9bae6b9a2ab1ede9dd4219376d59,DELETE,executable,Parser/Examples/crypto.yar,4417,
059c7a06f257225cf78332d51d064a1da87e3dd5,DELETE,executable,Parser/Examples/main.crb,44,
0ea56885ec2d6098d711cf8cb4b329147eadb9bc,DELETE,executable,Parser/Examples/main.cvd,134,
cd65e9d21494a92cf4c1419c0ba9ff5ba3fc8e0a,DELETE,executable,Parser/Examples/main.fp,27584,
3f6923296ff02ba80f9a38f4010b794746bbd962,DELETE,executable,Parser/Examples/main.hdb,3607299,
5d048c1153ba7e962f4c8e2ef6ca278b3d1e8c99,DELETE,executable,Parser/Examples/main.hsb,89,
53754f9e5d25b5b243461b7418794c47616acf6a,DELETE,executable,Parser/Examples/main.info,1059,
ec281822c0a3054bac216d787c1d03a5adcdc017,DELETE,executable,Parser/Examples/main.mdb,134,
512ed543e02ecb8e46be6507c3112777574701de,DELETE,executable,Parser/Examples/main.msb,92,
71c7cc4febda3753a99d173d23f735a608f0ca3b,DELETE,executable,Parser/Examples/main.ndb,23499426,
bd6860c43e02283a19e62e92b6fd06f718828475,DELETE,executable,Parser/Examples/main.sfp,87,
4b7575ad17b17dfd3104eb425c1c2345a5fb4a24,DELETE,executable,Parser/Examples/main.yara,28030176,
ca8a1fe71dc02f640df889b171bc9b476b7c9a01,DELETE,executable,Parser/Examples/test.xml,222,
5bd67df6e51f586b6ab174c040efc76f47513a7d,DELETE,executable,Parser/IfConditionBasic.py,6415,
68e30bc5a33c1cdb54da616f22f1d67ada50ab85,DELETE,executable,Parser/IfConditionBasicXmlTemp.xml,441,
fbbb4b50ff0c2b63a673702fe4a449aac93f795d,DELETE,executable,Parser/IfConditionMultiple.py,3361,
2a73d6f259be6481280901bd65e925e814b13fa7,DELETE,executable,Parser/IfConditionMultipleT.py,585,
9b47df016462be3e08c4811da1a67a5905fa5556,DELETE,executable,Parser/IfConditionMultipleXmlTemp.xml,1503,
cea3800efcb992ab6bdbbd8d29a455b0b0c5ed6f,DELETE,executable,Parser/IfConditionXmlTemp.xml,318,
3f85127f09ee9665c66366f3cb68b6126c2af3a9,DELETE,executable,Parser/LoopOperation.py,736,
33d7c736b40e4fc758eac3bf6dcbd287047884a2,DELETE,executable,Parser/LoopXml.xml,507,
57e8aa5e30ba8d682f2ec8020eb383c48bc26b06,DELETE,executable,Parser/MultipleOperations.py,1640,
e58d57dbd94fef9b6682c6f2454dda6277831468,DELETE,executable,Parser/MultipleOperationsTempXml.xml,475,
16d9b51ce90e90d849c63593c7592238ad0311b6,DELETE,executable,Parser/MultipleOperationsXml.xml,852,
6087100ee5acefb225a06ab87292ded87af6c738,DELETE,executable,Parser/One.py,238,
97f3858f087f4ad0b9cebe16f4da6ef3da1884d7,DELETE,executable,Parser/OneNested.py,2143,
f3856eb1426f0c0f3dfd7b95cba1ab44bb66b340,DELETE,executable,Parser/OneOperation.py,9889,
95e28c04de166d752c077b833f83e937d34aab96,DELETE,executable,Parser/OneOperationCybox.xml,125,
265cda7d8481597bbabf9dac8bd13bda0ba4e3fe,DELETE,executable,Parser/OneOperationGenerator.py,850,
d0f71fe18f79cb17e70a610d3aabaf66cfd2c52d,DELETE,executable,Parser/OneOperationXml.xml,247,
1f4ff3de19f9e9a71e27e5a39d0a334250da953e,DELETE,executable,Parser/OneOperationsTempXml.xml,1259,
9e7e82b3f17e85b92ba938385cb63c1a4927f4e9,DELETE,executable,Parser/PID.txt,150,
e7527a434a1377d1636ef54b6a5e5992ac46dce1,DELETE,executable,Parser/Port.txt,196,
f7482ace7c4a6755015c8a67f939d4ef1b0766f7,DELETE,executable,Parser/Print.py,150,
f04a36b85eaeb703ba3666fb3b1c50184f36b005,DELETE,executable,Parser/Proto.txt,247,
a178e74a5fd0b180155daf5f8bf186fb96d2c95b,DELETE,executable,Parser/Protocol.txt,175,
08108f7e906af79e51f5d98d39e1f8f9484b0120,DELETE,executable,Parser/Syntax/Alert.xml,476,
e31f99f91b2d459d96c896d1fe5f3217cbfdd101,DELETE,executable,Parser/Syntax/CustomFile.xml,179,
2a266e1d117e07991e4e1e9fb718e4f7c4b14c7f,DELETE,executable,Parser/Syntax/MultipleOperationsXml.xml,844,
223ad4bc049ce1fc1e949fcbd14bcc749779c7e7,DELETE,executable,Parser/Syntax/OneOperationCybox.xml,187,
11daeea36826ce6355d0989e2214632d04a3d330,DELETE,executable,Parser/Syntax/OneOperationCyboxInPlace.xml,174,
cddca45df64f7dda95f43e6961916ef625d8db32,DELETE,executable,Parser/Syntax/if.xml,819,
f3ac7f76b09e3e0d58cde0ce7c486dad79a86b05,DELETE,executable,Parser/Syntax/loop.xml,543,
4e51c1b3ea0d3539432613690646f317d2634a17,DELETE,executable,Parser/Syntax/nestedSchema.xml,198,
8672dc871b02bbfbd1d5d37d5a16a211ac5fac18,DELETE,executable,Parser/Syntax/nestedif.xml,804,
d60989c79663bf4590c0bfa2d50a36a167ce150d,DELETE,executable,Parser/Temp.py,191,
3a9ab4bcd0fa280fee64711c7d976cacea129ef6,DELETE,executable,Parser/WriteToFile.py,143,
70ff894d7cc321fe65e615cad52a810b08f1b050,DELETE,executable,Parser/clamav_to_yara.py,5786,
8e5b9a7edd9f9bae6b9a2ab1ede9dd4219376d59,DELETE,executable,Parser/crypto.yar,4417,
d62c08e0ba2c20429c05e922f0ec3db526df200c,DELETE,executable,Parser/custom.py,227,
059c7a06f257225cf78332d51d064a1da87e3dd5,DELETE,executable,Parser/main.crb,44,
0ea56885ec2d6098d711cf8cb4b329147eadb9bc,DELETE,executable,Parser/main.cvd,134,
cd65e9d21494a92cf4c1419c0ba9ff5ba3fc8e0a,DELETE,executable,Parser/main.fp,27584,
3f6923296ff02ba80f9a38f4010b794746bbd962,DELETE,executable,Parser/main.hdb,3607299,
5d048c1153ba7e962f4c8e2ef6ca278b3d1e8c99,DELETE,executable,Parser/main.hsb,89,
53754f9e5d25b5b243461b7418794c47616acf6a,DELETE,executable,Parser/main.info,1059,
ec281822c0a3054bac216d787c1d03a5adcdc017,DELETE,executable,Parser/main.mdb,134,
512ed543e02ecb8e46be6507c3112777574701de,DELETE,executable,Parser/main.msb,92,
71c7cc4febda3753a99d173d23f735a608f0ca3b,DELETE,executable,Parser/main.ndb,23499426,
bd6860c43e02283a19e62e92b6fd06f718828475,DELETE,executable,Parser/main.sfp,87,
4b7575ad17b17dfd3104eb425c1c2345a5fb4a24,DELETE,executable,Parser/main.yara,28030176,
4fa0496257609cfecaefd07532f0ae94b62b6974,DELETE,executable,Parser/test.py,68,
42068aa499e01252232d98d848988fe56113403a,DELETE,executable,Parser/test.xml,150,
e69de29bb2d1d6434b8b29ae775ad8c2e48c5391,DELETE,executable,Parser/test/alerts.txt,0,
daa930ba5479b32e34a8de27ad297c8e9bde4ed9,DELETE,executable,Parser/test/ether.txt,7072,
e84ac606c3011fb1cd8894f411d4819a6bfeda23,DELETE,executable,Parser/test/ether_histogram.txt,234,
22108a5fc0c741012fe57df09197f658bb4d2136,DELETE,executable,Parser/test/ip.txt,18223,
5a94d4990a4e08fad79d3a87ab7ab261fd54f54d,DELETE,executable,Parser/test/ip_histogram.txt,284,
944ed106c2598c2e65da39d7326d9f0951e35640,DELETE,executable,Parser/test/packets.pcap,4572,
6e4ae72c23b1243522f6f3f7d93a0eb335e41b52,DELETE,executable,Parser/test/report.xml,18059,
ac3d94171396844e624400819df360b03f291984,DELETE,executable,Parser/test/report.xml.1455139416,45573,
edf25ce7425ca4983deb6b259eb6d42ee13f8170,DELETE,executable,Parser/test/report.xml.1455139426,3998,
774ae96ffd41f98b4f60fab5a56e103a0346b932,DELETE,executable,Parser/test/report.xml.1455139680,45571,
f8ce3cc23dd2d8d61adbb8086ac14aec4403cba4,DELETE,executable,Parser/test/report.xml.1455139718,4001,
d016db0d5287b399b85dabd26bcc0bd9cf6fcb2f,DELETE,executable,Parser/test/report.xml.1455139788,45586,
4ebd2cb87d3b8433a31719d0ce6f54c6a79e5ffe,DELETE,executable,Parser/test/report.xml.1455139804,4001,
41465da56ae3c0c11ecc44b900ddbeccbace6ca9,DELETE,executable,Parser/test/report.xml.1455139923,45569,
da7ed1a2824461cf0580d81dede6cb0a57640560,DELETE,executable,Parser/test/report.xml.1455139964,3998,
3685e6ed65dc1c5d928ffade77c4928f8cb5d1a5,DELETE,executable,Parser/test/report.xml.1455140050,45592,
0a460cd90b9bbdb6ec23df504d063f267cffd1b8,DELETE,executable,Parser/test/report.xml.1455140080,3998,
bd245de6228fe0d71134152fa015bd68bade50f2,DELETE,executable,Parser/test/report.xml.1455140226,45570,
c2e9e9462cfbb7d25fd4057c31462a0262450dea,DELETE,executable,Parser/test/report.xml.1455140297,3998,
1d4893b388c8412a31ca2c31b1b43c4d797bf4d8,DELETE,executable,Parser/test/report.xml.1455140439,45575,
d8f4d7b95d0a32a86e368f2b29a0d2cbabca7eaf,DELETE,executable,Parser/test/report.xml.1455140454,4001,
328f276c9a58ddf4074c161ae32ccae53f2ab895,DELETE,executable,Parser/test/report.xml.1455140519,45577,
4e5c03f0cfc5aed568d4c2b6cb661911e024e255,DELETE,executable,Parser/test/report.xml.1455140522,3999,
f8f437d16e04bb49f74042e9b1f8b7d7e9453574,DELETE,executable,Parser/test/report.xml.1455140590,16167,
add569867499b2dae744284f2d34b8d3009ae76c,DELETE,executable,Parser/test/report.xml.1455140897,31630,
755844b8a7e15ffcf9caf7dba6990a5ba412c003,DELETE,executable,Parser/test/report.xml.1455140980,18047,
fe8a65a0965d503aa7c66f17fe65a1b9e646c911,DELETE,executable,Parser/test/report.xml.1455141258,31641,
ad7c0694d863f3a468ea162509ae98016fcfa0f0,DELETE,executable,Parser/test/report.xml.1455142261,18063,
7393f3d392036ef4290b95013ae57912fdf88909,DELETE,executable,Parser/test/report.xml.1455143629,31640,
54b85445bd8ad7028e4fd18c0d8ec5c7e39d1e6e,DELETE,executable,Parser/test/report.xml.1455143725,18053,
8d351f6c4ae70b418c334f1e99bda8fccd4bb64e,DELETE,executable,Parser/test/report.xml.1455144670,31636,
58c94cc2298422745cdfb0e0ac6cbfd23f29bd91,DELETE,executable,Parser/vol.py,6519,
ba1869b79374f05c02a24f17dd83df020a0ea6e8,DELETE,regular-file,Primitives/.DS_Store,6148,
715f067ce771199227fd9a21d108632cea2663b9,DELETE,executable,Primitives/Bash/AppendToFile.sh,159,
a17668c03c3883bfe2ce8f19199908ae7860f986,DELETE,executable,Primitives/Bash/ExtractInfoFromMemoryDump.sh,124,
1b67e83659019d09c63792789a1bf80a55969053,DELETE,executable,Primitives/Bash/PsList.sh,371,
713f36a721b578d7439127150d47273a5cd3fd08,DELETE,executable,Primitives/Bash/WriteToFile.sh,158,
f60539ecaf56caafc8ede52239c253d807fba86b,DELETE,executable,Primitives/Bash/getDump.sh,192,
da6122d81b2d6ab5f07726eb48b0886c22ee23c2,DELETE,executable,Primitives/Networking/Connections/AppendToFileNewLine.py,169,
45a2e20a3261599ffbeb283bf1afc915401adc76,DELETE,executable,Primitives/Networking/Connections/Connections.py,716,
e96ef4ed47f48ac2f237dc686b7f5996771735eb,DELETE,executable,Primitives/Networking/Connections/Constants.py,391,
f7971b1aefc904118efcf55383b0ffaadc240f8c,DELETE,executable,Primitives/Networking/Connections/Print.py,144,
58c94cc2298422745cdfb0e0ac6cbfd23f29bd91,DELETE,executable,Primitives/Networking/Connections/vol.py,6519,
5008ddfcf53c02e82d7eee2e57c38e5672ef89f6,DELETE,regular-file,Primitives/Networking/Connscan/.DS_Store,6148,
da6122d81b2d6ab5f07726eb48b0886c22ee23c2,DELETE,executable,Primitives/Networking/Connscan/AppendToFileNewLine.py,169,
55b8ebb0ad98210ca956e30e2e7d2aa8723478e7,DELETE,executable,Primitives/Networking/Connscan/Connscan.py,960,
5e9584ab66bf96a8c945923d37a287ce749105e3,DELETE,executable,Primitives/Networking/Connscan/ConnscanFiles.py,713,
e96ef4ed47f48ac2f237dc686b7f5996771735eb,DELETE,executable,Primitives/Networking/Connscan/Constants.py,391,
b2b27835ce6436e248a51cfdfd88813dc2266d38,DELETE,executable,Primitives/Networking/Connscan/Local-Address.txt,33,
6831aed588b5ebf1194fb08bce0d04d7e868017c,DELETE,executable,Primitives/Networking/Connscan/Offset.txt,22,
e3dd452adbbd0ad5c611c377e04143e36d76ed9c,DELETE,executable,Primitives/Networking/Connscan/Pid.txt,8,
f7971b1aefc904118efcf55383b0ffaadc240f8c,DELETE,executable,Primitives/Networking/Connscan/Print.py,144,
102038fa2eaebf04338cd707a88e20e08a2753ed,DELETE,executable,Primitives/Networking/Connscan/Remote-Address.txt,34,
58c94cc2298422745cdfb0e0ac6cbfd23f29bd91,DELETE,executable,Primitives/Networking/Connscan/vol.py,6519,
fbfb61fd65e0ae42b5b5ea009ab0416209681e9f,DELETE,executable,Primitives/Networking/NetScan/Address.txt,118,
da6122d81b2d6ab5f07726eb48b0886c22ee23c2,DELETE,executable,Primitives/Networking/NetScan/AppendToFileNewLine.py,169,
e96ef4ed47f48ac2f237dc686b7f5996771735eb,DELETE,executable,Primitives/Networking/NetScan/Constants.py,391,
bf228ebc6be3761f72bcb873e6ef67fbcb59be3c,DELETE,executable,Primitives/Networking/NetScan/Create-Time.txt,406,
70e7a6702dfe553d0d52769898cfb18feaa1702b,DELETE,executable,Primitives/Networking/NetScan/NetScan.py,782,
1891dfbac28ee94768e83f5e144397b745b4aefc,DELETE,executable,Primitives/Networking/NetScan/PID.txt,52,
7656fd36e04a96bc6d026746a3267f9f812e6a8a,DELETE,executable,Primitives/Networking/NetScan/Port.txt,60,
f7971b1aefc904118efcf55383b0ffaadc240f8c,DELETE,executable,Primitives/Networking/NetScan/Print.py,144,
f785662cedbbcfe437da3ea0119f8469cc1e74f8,DELETE,executable,Primitives/Networking/NetScan/Protocol.txt,61,
58c94cc2298422745cdfb0e0ac6cbfd23f29bd91,DELETE,executable,Primitives/Networking/NetScan/vol.py,6519,
9cc1cbc82b1cc322e4b12cc1a7f330cb4f465ff5,DELETE,executable,Primitives/Networking/SockScan/Address.txt,228,
da6122d81b2d6ab5f07726eb48b0886c22ee23c2,DELETE,executable,Primitives/Networking/SockScan/AppendToFileNewLine.py,169,
e96ef4ed47f48ac2f237dc686b7f5996771735eb,DELETE,executable,Primitives/Networking/SockScan/Constants.py,391,
de3e851ca2fd00193a1d0ba051893e20e45496f9,DELETE,executable,Primitives/Networking/SockScan/Create-Time.txt,638,
e1b80631cd295ad4f21efb94a2de1ce35a99009a,DELETE,executable,Primitives/Networking/SockScan/Offset.txt,242,
e62a3512b7cb1d327c29c8c6f2380f0ae9a889ac,DELETE,executable,Primitives/Networking/SockScan/PID.txt,83,
b0705042c642a0cae211fb66671f1a4538f51443,DELETE,executable,Primitives/Networking/SockScan/Port.txt,92,
f7971b1aefc904118efcf55383b0ffaadc240f8c,DELETE,executable,Primitives/Networking/SockScan/Print.py,144,
f9e0a69999242ca8daf999548b524b49d4b13411,DELETE,executable,Primitives/Networking/SockScan/Proto.txt,60,
951eed3064b82a7ed38276d43588d4fe66cb5a15,DELETE,executable,Primitives/Networking/SockScan/Protocol.txt,93,
d8e87d4017d4772d30333fbb4f218ddb2424fc2a,DELETE,executable,Primitives/Networking/SockScan/SockScan.py,768,
58c94cc2298422745cdfb0e0ac6cbfd23f29bd91,DELETE,executable,Primitives/Networking/SockScan/vol.py,6519,
fbfb61fd65e0ae42b5b5ea009ab0416209681e9f,DELETE,executable,Primitives/Networking/Sockets/Address.txt,118,
da6122d81b2d6ab5f07726eb48b0886c22ee23c2,DELETE,executable,Primitives/Networking/Sockets/AppendToFileNewLine.py,169,
e96ef4ed47f48ac2f237dc686b7f5996771735eb,DELETE,executable,Primitives/Networking/Sockets/Constants.py,391,
bf228ebc6be3761f72bcb873e6ef67fbcb59be3c,DELETE,executable,Primitives/Networking/Sockets/Create-Time.txt,406,
512e3e8c18319a521fed2b292fd038618be2125f,DELETE,executable,Primitives/Networking/Sockets/Offset.txt,154,
1891dfbac28ee94768e83f5e144397b745b4aefc,DELETE,executable,Primitives/Networking/Sockets/PID.txt,52,
7656fd36e04a96bc6d026746a3267f9f812e6a8a,DELETE,executable,Primitives/Networking/Sockets/Port.txt,60,
f7971b1aefc904118efcf55383b0ffaadc240f8c,DELETE,executable,Primitives/Networking/Sockets/Print.py,144,
18a1dda70d8d97978e1f9fb025cbe901bf6aa10b,DELETE,executable,Primitives/Networking/Sockets/Proto.txt,37,
f785662cedbbcfe437da3ea0119f8469cc1e74f8,DELETE,executable,Primitives/Networking/Sockets/Protocol.txt,61,
a5587c7ee8616b870b6cb77a78449ad3c6ff8fb2,DELETE,executable,Primitives/Networking/Sockets/Sockets.py,767,
58c94cc2298422745cdfb0e0ac6cbfd23f29bd91,DELETE,executable,Primitives/Networking/Sockets/vol.py,6519,
6070aa39ae181fa2570961a5d4f277b82eddf614,DELETE,executable,Primitives/Proceses/Cmdscan/CmdScan.py,1037,
e96ef4ed47f48ac2f237dc686b7f5996771735eb,DELETE,executable,Primitives/Proceses/Cmdscan/Constants.py,391,
f7971b1aefc904118efcf55383b0ffaadc240f8c,DELETE,executable,Primitives/Proceses/Cmdscan/Print.py,144,
58c94cc2298422745cdfb0e0ac6cbfd23f29bd91,DELETE,executable,Primitives/Proceses/Cmdscan/vol.py,6519,
5008ddfcf53c02e82d7eee2e57c38e5672ef89f6,DELETE,regular-file,Primitives/Proceses/DllList/.DS_Store,6148,
06c3ef755b9c4081967924407fa2c77f9d847678,DELETE,executable,Primitives/Proceses/DllList/AppendToFile.py,165,
da6122d81b2d6ab5f07726eb48b0886c22ee23c2,DELETE,executable,Primitives/Proceses/DllList/AppendToFileNewLine.py,169,
85e0ec33dfbfa6e5c5e8acc3e9a5ff9b72210071,DELETE,executable,Primitives/Proceses/DllList/Base.txt,10511,
46532304682a86cb350e748deed15d4cab850790,DELETE,executable,Primitives/Proceses/DllList/Constants.py,329,
2e9e441e65dbad5ee06c30b0fe97ef72612f5fc9,DELETE,executable,Primitives/Proceses/DllList/DllList.py,1635,
f6f784808e67d5e5ba1ddbcae77a7f9790d6c9e9,DELETE,executable,Primitives/Proceses/DllList/NewLine.py,136,
8f523e481d26698a5896c41fd0ef4aa5a2bf8a8d,DELETE,executable,Primitives/Proceses/DllList/Path.txt,32337,
f7971b1aefc904118efcf55383b0ffaadc240f8c,DELETE,executable,Primitives/Proceses/DllList/Print.py,144,
2509df8b1a8b182498130a97731db5fb08eef890,DELETE,executable,Primitives/Proceses/DllList/Size.txt,7325,
ad6e31a15abae09d1623be3d5fce2e2bdbb8dcdd,DELETE,executable,Primitives/Proceses/DllList/dlllistFiles.py,1155,
58c94cc2298422745cdfb0e0ac6cbfd23f29bd91,DELETE,executable,Primitives/Proceses/DllList/vol.py,6519,
48e360f09d43a33a0a1fd47ad067bcfe28bad82d,DELETE,executable,Primitives/Proceses/FileScan/FileScan.py,3037,
e96ef4ed47f48ac2f237dc686b7f5996771735eb,DELETE,executable,Primitives/Proceses/Getsids/Constants.py,391,
c6e704a981edb163a3e5db4449ec103de5b7a42c,DELETE,executable,Primitives/Proceses/Getsids/Getsids.py,1030,
f7971b1aefc904118efcf55383b0ffaadc240f8c,DELETE,executable,Primitives/Proceses/Getsids/Print.py,144,
58c94cc2298422745cdfb0e0ac6cbfd23f29bd91,DELETE,executable,Primitives/Proceses/Getsids/vol.py,6519,
e96ef4ed47f48ac2f237dc686b7f5996771735eb,DELETE,executable,Primitives/Proceses/Handles/Constants.py,391,
63fc7bd95788dbd8b911b9254eb86f2b4f5361d0,DELETE,executable,Primitives/Proceses/Handles/Handles.py,1126,
f7971b1aefc904118efcf55383b0ffaadc240f8c,DELETE,executable,Primitives/Proceses/Handles/Print.py,144,
58c94cc2298422745cdfb0e0ac6cbfd23f29bd91,DELETE,executable,Primitives/Proceses/Handles/vol.py,6519,
ff8b2c64d2ceb0ef34503786eaf8eb2733729966,DELETE,executable,Primitives/Proceses/PsList.py,782,
5008ddfcf53c02e82d7eee2e57c38e5672ef89f6,DELETE,regular-file,Primitives/Proceses/PsList/.DS_Store,6148,
da6122d81b2d6ab5f07726eb48b0886c22ee23c2,DELETE,executable,Primitives/Proceses/PsList/AppendToFileNewLine.py,169,
e96ef4ed47f48ac2f237dc686b7f5996771735eb,DELETE,executable,Primitives/Proceses/PsList/Constants.py,391,
2ab5cbbbfc2862a1c302566c69ec06e646395511,DELETE,executable,Primitives/Proceses/PsList/Exit.txt,29,
f262bae180153b609b015c7cd478f8abfd826691,DELETE,executable,Primitives/Proceses/PsList/Hnds.txt,100,
0451bec51ff53bde88d2504836e502978aa4d6a8,DELETE,executable,Primitives/Proceses/PsList/Name.txt,303,
26b172a6c88f36c0ec3af127b7ebe235feb7fd9a,DELETE,executable,Primitives/Proceses/PsList/Offset.txt,275,
fe5a9f3d5fc3842a89d752755f952a56769fffde,DELETE,executable,Primitives/Proceses/PsList/PID.txt,108,
d681ec06833957ff63dfece4484ec54635415037,DELETE,executable,Primitives/Proceses/PsList/PPID.txt,104,
f7971b1aefc904118efcf55383b0ffaadc240f8c,DELETE,executable,Primitives/Proceses/PsList/Print.py,144,
103cac5968e86a366c3a638e3c9402c7650923c1,DELETE,executable,Primitives/Proceses/PsList/PsList.py,1622,
13c675cb99fd79e43e8a64c394ec32904af6bf75,DELETE,executable,Primitives/Proceses/PsList/PsListFiles.py,717,
7df69fb922df306b63b440ce0bac477ef9cb0fb2,DELETE,executable,Primitives/Proceses/PsList/Sess.txt,60,
5f07dc2fc970a81c3aae671984ef1ef1a0e33af4,DELETE,executable,Primitives/Proceses/PsList/Start.txt,696,
93da5f003a4797328a7df744817a605b4006ef41,DELETE,executable,Primitives/Proceses/PsList/Thds.txt,61,
3b273e8dd288afbb3da9736f3797d9f813942f92,DELETE,executable,Primitives/Proceses/PsList/Wow64.txt,50,
58c94cc2298422745cdfb0e0ac6cbfd23f29bd91,DELETE,executable,Primitives/Proceses/PsList/vol.py,6519,
da6122d81b2d6ab5f07726eb48b0886c22ee23c2,DELETE,executable,Primitives/Proceses/Psscan/AppendToFileNewLine.py,169,
e96ef4ed47f48ac2f237dc686b7f5996771735eb,DELETE,executable,Primitives/Proceses/Psscan/Constants.py,391,
a8e2a20c1fddd65e9e183bf30e1101f6d3b70b79,DELETE,executable,Primitives/Proceses/Psscan/Constants.pyc,843,
79bf06e24c6ab123405e8d1e9270073b04af30ca,DELETE,executable,Primitives/Proceses/Psscan/Name.txt,312,
58a1d9c0fa173e1fbd22fdaf8f8b7bd877acd5d9,DELETE,executable,Primitives/Proceses/Psscan/Offset.txt,494,
e0e1074fc9b2bf6f5e2090d56520841489a9e881,DELETE,executable,Primitives/Proceses/Psscan/PDB.txt,286,
dc3c55f10bb26b2ebb20fb2d3ee398510981bd20,DELETE,executable,Primitives/Proceses/Psscan/PID.txt,113,
20e7ef6684a801982228e0895e29c051f2607030,DELETE,executable,Primitives/Proceses/Psscan/PPID.txt,108,
f7971b1aefc904118efcf55383b0ffaadc240f8c,DELETE,executable,Primitives/Proceses/Psscan/Print.py,144,
933f35cb7a61611e22462dffadac0b77abbd3843,DELETE,executable,Primitives/Proceses/Psscan/Print.pyc,637,
00f2cebd8e3c1fb37385f4179a74bf679e111eb3,DELETE,executable,Primitives/Proceses/Psscan/Psscan.py,1118,
2a7fc8fcc798927d30ed49d9bd806eea580c0c7c,DELETE,executable,Primitives/Proceses/Psscan/PsscanFiles.py,739,
de275614f2fb5cb333327e31ef36c56fb38e549f,DELETE,executable,Primitives/Proceses/Psscan/Time-Created.txt,725,
408a0890f1d437d8d5a2aa0dde0570990c63e715,DELETE,executable,Primitives/Proceses/Psscan/Time-Exited.txt,58,
58c94cc2298422745cdfb0e0ac6cbfd23f29bd91,DELETE,executable,Primitives/Proceses/Psscan/vol.py,6519,
e96ef4ed47f48ac2f237dc686b7f5996771735eb,DELETE,executable,Primitives/Proceses/PsxView/Constants.py,391,
433a24bc60086cdef04f311e39e9f499d4968a57,DELETE,executable,Primitives/Proceses/PsxView/Constants.pyc,846,
f7971b1aefc904118efcf55383b0ffaadc240f8c,DELETE,executable,Primitives/Proceses/PsxView/Print.py,144,
e3b0f0326deeaa67042294012eb541e3d0810e08,DELETE,executable,Primitives/Proceses/PsxView/Print.pyc,640,
8cb8995dd3c6474c3b8875db07316b607184bed0,DELETE,executable,Primitives/Proceses/PsxView/PsxView.py,1080,
58c94cc2298422745cdfb0e0ac6cbfd23f29bd91,DELETE,executable,Primitives/Proceses/PsxView/vol.py,6519,
06c3ef755b9c4081967924407fa2c77f9d847678,DELETE,executable,Primitives/Proceses/WindowsAPI/AppendToFile.py,165,
da6122d81b2d6ab5f07726eb48b0886c22ee23c2,DELETE,executable,Primitives/Proceses/WindowsAPI/AppendToFileNewLine.py,169,
85e0ec33dfbfa6e5c5e8acc3e9a5ff9b72210071,DELETE,executable,Primitives/Proceses/WindowsAPI/Base.txt,10511,
46532304682a86cb350e748deed15d4cab850790,DELETE,executable,Primitives/Proceses/WindowsAPI/Constants.py,329,
e32ade015d39ef013050d1b15c00e4fe09d7a460,DELETE,executable,Primitives/Proceses/WindowsAPI/Constants.pyc,892,
f6f784808e67d5e5ba1ddbcae77a7f9790d6c9e9,DELETE,executable,Primitives/Proceses/WindowsAPI/NewLine.py,136,
8f523e481d26698a5896c41fd0ef4aa5a2bf8a8d,DELETE,executable,Primitives/Proceses/WindowsAPI/Path.txt,32337,
f7971b1aefc904118efcf55383b0ffaadc240f8c,DELETE,executable,Primitives/Proceses/WindowsAPI/Print.py,144,
6fc6090968dd595dfb92424d2f444d1945b84587,DELETE,executable,Primitives/Proceses/WindowsAPI/Print.pyc,649,
2509df8b1a8b182498130a97731db5fb08eef890,DELETE,executable,Primitives/Proceses/WindowsAPI/Size.txt,7325,
123a1e7c3620843adae3a5332d4e7ec457174143,DELETE,executable,Primitives/Proceses/WindowsAPI/WindowsAPI.py,1624,
ad6e31a15abae09d1623be3d5fce2e2bdbb8dcdd,DELETE,executable,Primitives/Proceses/WindowsAPI/dlllistFiles.py,1155,
58c94cc2298422745cdfb0e0ac6cbfd23f29bd91,DELETE,executable,Primitives/Proceses/WindowsAPI/vol.py,6519,
06c3ef755b9c4081967924407fa2c77f9d847678,DELETE,executable,Primitives/Process Memory/Memmap/AppendToFile.py,165,
da6122d81b2d6ab5f07726eb48b0886c22ee23c2,DELETE,executable,Primitives/Process Memory/Memmap/AppendToFileNewLine.py,169,
e96ef4ed47f48ac2f237dc686b7f5996771735eb,DELETE,executable,Primitives/Process Memory/Memmap/Constants.py,391,
3a96d478cc559cf4cf4ad67e2f0b1903d886f65a,DELETE,executable,Primitives/Process Memory/Memmap/Memmap.py,919,
b925289088df51921efb9b1f54750b1b70f656cf,DELETE,executable,Primitives/Process Memory/Memmap/Name.txt,4040,
f6f784808e67d5e5ba1ddbcae77a7f9790d6c9e9,DELETE,executable,Primitives/Process Memory/Memmap/NewLine.py,136,
3cae9e4a1a0287c4577a2dd331e93ec582e94505,DELETE,executable,Primitives/Process Memory/Memmap/Physical.txt,2794,
f7971b1aefc904118efcf55383b0ffaadc240f8c,DELETE,executable,Primitives/Process Memory/Memmap/Print.py,144,
b9722d73c3096e62b1af8d842f93ed5fa056a458,DELETE,executable,Primitives/Process Memory/Memmap/Virtual.txt,2794,
58c94cc2298422745cdfb0e0ac6cbfd23f29bd91,DELETE,executable,Primitives/Process Memory/Memmap/vol.py,6519,
2e9a9af3d81ae639f697a73ad49fb0efc9ef5964,DELETE,executable,Primitives/PsList.py,806,
da6122d81b2d6ab5f07726eb48b0886c22ee23c2,DELETE,executable,Primitives/Registry/HiveScan/AppendToFileNewLine.py,169,
e96ef4ed47f48ac2f237dc686b7f5996771735eb,DELETE,executable,Primitives/Registry/HiveScan/Constants.py,391,
c42b37d3de34809f8d5cbe2327631de0187bb619,DELETE,executable,Primitives/Registry/HiveScan/HiveScan.py,651,
480aba65b83516ef769252979cfc9dd72ed359c9,DELETE,executable,Primitives/Registry/HiveScan/Offset.txt,143,
f7971b1aefc904118efcf55383b0ffaadc240f8c,DELETE,executable,Primitives/Registry/HiveScan/Print.py,144,
480aba65b83516ef769252979cfc9dd72ed359c9,DELETE,executable,Primitives/Registry/HiveScan/Virtual.txt,143,
58c94cc2298422745cdfb0e0ac6cbfd23f29bd91,DELETE,executable,Primitives/Registry/HiveScan/vol.py,6519,
06c3ef755b9c4081967924407fa2c77f9d847678,DELETE,executable,Primitives/Registry/Hivelist/AppendToFile.py,165,
da6122d81b2d6ab5f07726eb48b0886c22ee23c2,DELETE,executable,Primitives/Registry/Hivelist/AppendToFileNewLine.py,169,
e96ef4ed47f48ac2f237dc686b7f5996771735eb,DELETE,executable,Primitives/Registry/Hivelist/Constants.py,391,
c255e964cce70fb09fbe1d5e360b231375fecc68,DELETE,executable,Primitives/Registry/Hivelist/HiveList.py,879,
b4f6e78ee77e7e11ce3a7ea3691c9233f1c532de,DELETE,executable,Primitives/Registry/Hivelist/Name.txt,809,
f6f784808e67d5e5ba1ddbcae77a7f9790d6c9e9,DELETE,executable,Primitives/Registry/Hivelist/NewLine.py,136,
f3ae4d537231c215c24a1a598fe984e0ec61af8e,DELETE,executable,Primitives/Registry/Hivelist/Physical.txt,143,
f7971b1aefc904118efcf55383b0ffaadc240f8c,DELETE,executable,Primitives/Registry/Hivelist/Print.py,144,
c098c304faca3787849f330a6fbd3afa80c3f40d,DELETE,executable,Primitives/Registry/Hivelist/Virtual.txt,143,
58c94cc2298422745cdfb0e0ac6cbfd23f29bd91,DELETE,executable,Primitives/Registry/Hivelist/vol.py,6519,
5008ddfcf53c02e82d7eee2e57c38e5672ef89f6,DELETE,regular-file,Primitives/Utility/.DS_Store,6148,
06c3ef755b9c4081967924407fa2c77f9d847678,DELETE,executable,Primitives/Utility/AppendToFile.py,165,
da6122d81b2d6ab5f07726eb48b0886c22ee23c2,DELETE,executable,Primitives/Utility/AppendToFileNewLine.py,169,
e96ef4ed47f48ac2f237dc686b7f5996771735eb,DELETE,executable,Primitives/Utility/Constants.py,391,
78967fb24e4fdaccb3352d016e0f7e8cafcc0e4e,DELETE,executable,Primitives/Utility/ExtractInfoFromMemoryDump.py,328,
f6f784808e67d5e5ba1ddbcae77a7f9790d6c9e9,DELETE,executable,Primitives/Utility/NewLine.py,136,
f7971b1aefc904118efcf55383b0ffaadc240f8c,DELETE,executable,Primitives/Utility/Print.py,144,
3a9ab4bcd0fa280fee64711c7d976cacea129ef6,DELETE,executable,Primitives/Utility/WriteToFile.py,143,
d5c710b720e9a3a043bb3bccf63b05297ed8bbbe,DELETE,executable,Primitives/Utility/getDump.py,298,
46532304682a86cb350e748deed15d4cab850790,DELETE,executable,Primitives/Yara/Constants.py,329,
0f3812f227d4d6275f6af336d2ad85c74e2e045c,DELETE,executable,Primitives/Yara/Constants.pyc,847,
f7971b1aefc904118efcf55383b0ffaadc240f8c,DELETE,executable,Primitives/Yara/Print.py,144,
17980e2478118a586545b23c88b72e6cb52db257,DELETE,executable,Primitives/Yara/Print.pyc,604,
91d8ff587ee319b4f5d3e5974a600165efaf7833,DELETE,executable,Primitives/Yara/Yara.py,574,
70ff894d7cc321fe65e615cad52a810b08f1b050,DELETE,executable,Primitives/Yara/clamav_to_yara.py,5786,
8e5b9a7edd9f9bae6b9a2ab1ede9dd4219376d59,DELETE,executable,Primitives/Yara/crypto.yar,4417,
059c7a06f257225cf78332d51d064a1da87e3dd5,DELETE,executable,Primitives/Yara/main.crb,44,
0ea56885ec2d6098d711cf8cb4b329147eadb9bc,DELETE,executable,Primitives/Yara/main.cvd,134,
cd65e9d21494a92cf4c1419c0ba9ff5ba3fc8e0a,DELETE,executable,Primitives/Yara/main.fp,27584,
3f6923296ff02ba80f9a38f4010b794746bbd962,DELETE,executable,Primitives/Yara/main.hdb,3607299,
5d048c1153ba7e962f4c8e2ef6ca278b3d1e8c99,DELETE,executable,Primitives/Yara/main.hsb,89,
53754f9e5d25b5b243461b7418794c47616acf6a,DELETE,executable,Primitives/Yara/main.info,1059,
ec281822c0a3054bac216d787c1d03a5adcdc017,DELETE,executable,Primitives/Yara/main.mdb,134,
512ed543e02ecb8e46be6507c3112777574701de,DELETE,executable,Primitives/Yara/main.msb,92,
71c7cc4febda3753a99d173d23f735a608f0ca3b,DELETE,executable,Primitives/Yara/main.ndb,23499426,
bd6860c43e02283a19e62e92b6fd06f718828475,DELETE,executable,Primitives/Yara/main.sfp,87,
4b7575ad17b17dfd3104eb425c1c2345a5fb4a24,DELETE,executable,Primitives/Yara/main.yara,28030176,
e69de29bb2d1d6434b8b29ae775ad8c2e48c5391,DELETE,executable,Primitives/test/alerts.txt,0,
879b97523811d0c77173a4d51fe9f871edb332a0,DELETE,executable,Primitives/test/ether.txt,646,
5247103fc420c24a690f9794c8c3a4c642bb62bb,DELETE,executable,Primitives/test/ether_histogram.txt,187,
e3ecb0c0b6a62c24a14f6ce44f4760a6eae1f37a,DELETE,executable,Primitives/test/ip.txt,1538,
0a05bc5ad46390bc62158918299f02fce894617e,DELETE,executable,Primitives/test/ip_histogram.txt,234,
c8104631c3670994a8da916f53afae8b51cefda6,DELETE,executable,Primitives/test/packets.pcap,4804,
80f2035f4cd27db35c3ffc38b20e46883464d6dd,DELETE,executable,Primitives/test/report.xml,45444,
d21fb408390b7e41fbba7e960239ab3531b43986,DELETE,executable,Zeus-Scripts/ImageInfo.sh,143,
2b50e2c7dbd1535b714bf6c108cbcf2bc616e037,DELETE,executable,Zeus-Scripts/IpAddresses.sh,1271,
a44fbcb574536c922966f1c6d49140cd46f11ac4,DELETE,executable,Zeus-Scripts/ProcessList.sh,1658,
72866da5a79c3dec5425849a6790e85309f6b5f8,DELETE,executable,bfg-1.12.12.jar,14664691,
72866da5a79c3dec5425849a6790e85309f6b5f8,DELETE,executable,bfg.jar,14664691,
70ff894d7cc321fe65e615cad52a810b08f1b050,DELETE,executable,clamav_to_yara.py,5786,
059c7a06f257225cf78332d51d064a1da87e3dd5,DELETE,executable,main.crb,44,
0ea56885ec2d6098d711cf8cb4b329147eadb9bc,DELETE,executable,main.cvd,134,
cd65e9d21494a92cf4c1419c0ba9ff5ba3fc8e0a,DELETE,executable,main.fp,27584,
3f6923296ff02ba80f9a38f4010b794746bbd962,DELETE,executable,main.hdb,3607299,
5d048c1153ba7e962f4c8e2ef6ca278b3d1e8c99,DELETE,executable,main.hsb,89,
53754f9e5d25b5b243461b7418794c47616acf6a,DELETE,executable,main.info,1059,
ec281822c0a3054bac216d787c1d03a5adcdc017,DELETE,executable,main.mdb,134,
512ed543e02ecb8e46be6507c3112777574701de,DELETE,executable,main.msb,92,
71c7cc4febda3753a99d173d23f735a608f0ca3b,DELETE,executable,main.ndb,23499426,
bd6860c43e02283a19e62e92b6fd06f718828475,DELETE,executable,main.sfp,87,
4b7575ad17b17dfd3104eb425c1c2345a5fb4a24,DELETE,executable,main.yara,28030176,
8cdb8451d9b90c1d4000c6f22eb86471a4568be6,DELETE,executable,rules-master/LICENSE,18047,
9e6f56b637b7e47cdb09e566e81f501e46162eea,DELETE,executable,rules-master/Malicious_Documents/Maldoc_Contains_VBE_File.yar,712,
f4290ad9c30d8dd58ab833b1b84eec8e9cd698e4,DELETE,executable,rules-master/Malicious_Documents/Maldoc_Hidden_PE_file.yar,1013,
3aef17ce179c6d436992f98d6c735cac20f4ddec,DELETE,executable,rules-master/Malicious_Documents/Maldoc_MIME_ActiveMime_b64.yar,722,
774e2a4425a96e947e74a505387b062071e40e77,DELETE,executable,rules-master/Malicious_Documents/Maldoc_UserForm.yar,583,
9eb229d3106b8c2886ef25c1b3c325c6df4db309,DELETE,executable,rules-master/Malicious_Documents/Maldoc_VBA_macro_code.yar,747,
b72ec17c368e06a0f3ff55c2794fe00da8254a66,DELETE,executable,rules-master/Malicious_Documents/PDF.yar,11460,
b57aec62203985172012e99de8381b515d6803a4,DELETE,executable,rules-master/Malicious_Documents/malicious_document.yar,8376,
10ab97f685a1c893a7429228e96de2b1d47f502b,DELETE,executable,rules-master/Mobile_Malware/Android_ASSDdeveloper.yar,792,
4e40ff27efbe05860da5065155e37cde3c6773e2,DELETE,executable,rules-master/Mobile_Malware/Android_AliPay_smsStealer.yar,1248,
b2a1ab03d9495aee78187bf488da560e3eaa2766,DELETE,executable,rules-master/Mobile_Malware/Android_BatteryBot_ClickFraud.yar,869,
e4cdc596ce0ae38c11932a3c57be656aa12eca46,DELETE,executable,rules-master/Mobile_Malware/Android_Drendoid_RAT.yar,1054,
b5f2f4b6c0fdf3c1bd8fb6e3de6446f91d3d6704,DELETE,executable,rules-master/Mobile_Malware/Android_FakeApps.yar,3347,
55391583ea783ad987dc7201eb2735af5f8ccd6a,DELETE,executable,rules-master/Mobile_Malware/Android_MalwareCertificates.yar,1061,
ef73cd078e8deb542cac08c3b4c067ef50c3a49f,DELETE,executable,rules-master/Mobile_Malware/Android_Malware_Ramsonware.yar,2370,
a5ac95fbdc1680ca0b6b0f6f198fe39376121cbf,DELETE,executable,rules-master/Mobile_Malware/Android_Malware_Tinhvan.yar,699,
b21fe5b0a6b3e1bb9e34d1cbd1a3654a9a2868c3,DELETE,executable,rules-master/Mobile_Malware/Android_MazarBot_z.yar,1415,
dd866813e18eeb0c11d91c645014f580586e1cd8,DELETE,executable,rules-master/Mobile_Malware/Android_Metasploit.yar,1078,
a229adb134ee44ad995cdacdfbd2bea502ac5825,DELETE,executable,rules-master/Mobile_Malware/Android_Pink_Locker.yar,1225,
0ff2f4cad8c5df56cb42c97a3d062f542a9ac05b,DELETE,executable,rules-master/Mobile_Malware/Android_SMSFraud.yar,1256,
609c3653e78c6841152b3974a51bcf2685099a13,DELETE,executable,rules-master/Mobile_Malware/Android_SlemBunk.yar,675,
b9ea95dc4e172709293f29a707e15db9f51c8255,DELETE,executable,rules-master/Mobile_Malware/Android_Spywaller.yar,1072,
b7e2b5aeb47d1a7bbe3819f3e414294418f94367,DELETE,executable,rules-master/Mobile_Malware/Android_Tachi.yar,780,
b3974ac76c2de85a49a86abbc8fb4f115214a1e0,DELETE,executable,rules-master/Mobile_Malware/Android_Triada_Banking.yar,1104,
7a66b7c06932c5706a526bc1d23037d620f2f009,DELETE,executable,rules-master/Mobile_Malware/Android_VirusPolicia.yar,1246,
842876737a522cc2cd1171ae44193bf4796c1ec0,DELETE,executable,rules-master/Mobile_Malware/Android_adware.yar,622,
86c9b444d824cd367438821900bcd2bd8cb0207d,DELETE,executable,rules-master/Mobile_Malware/Android_generic_adware.yar,751,
3a0be982dcecafcd20fa40923722df337012f573,DELETE,executable,rules-master/Mobile_Malware/Android_generic_smsfraud.yar,1256,
ce072cad3d5cd0d71ab6738df027a16fe402371c,DELETE,executable,rules-master/Mobile_Malware/Android_malware_Advertising.yar,630,
2ff109fd05b3a1b2ce2c1d5ac2f7df93c55469b2,DELETE,executable,rules-master/Mobile_Malware/Android_malware_ChinesePorn.yar,2288,
6c60b832887018608b9ddb419b2e34d00d724b4d,DELETE,executable,rules-master/Mobile_Malware/Android_malware_Dropper.yar,618,
c82cbb16a0d74c6c794f9244608fdd4c5ceb2381,DELETE,executable,rules-master/Mobile_Malware/Android_malware_Fake_MosKow.yar,789,
66d8cc45d2daec1cd895c2466b47b6ceedfe82ed,DELETE,executable,rules-master/Mobile_Malware/Android_malware_HackingTeam.yar,2359,
6c95fea55978ccf8b160519661892eed4aeb2660,DELETE,executable,rules-master/Mobile_Malware/Android_malware_SMSsender.yar,3557,
7fc2a785a23ae74b8c1d877cb54a19d15b942a46,DELETE,executable,rules-master/Mobile_Malware/Android_malware_banker.yar,1200,
4d554e27d4821a03cc7eb709f585efd3252ed976,DELETE,executable,rules-master/Mobile_Malware/Android_malware_xbot007.yar,363,
baefa7f9886a007395c224dddbb0ba4955f707c1,DELETE,executable,rules-master/Mobile_Malware/Android_mapin.yar,1450,
2bd0df75c65b48808ad22f65ec259684df5bc779,DELETE,executable,rules-master/README.md,2831,
1d4ff9ae5cad713f4d6d8f9724d921bdc3b7c576,DELETE,executable,rules-master/antidebug_antivm.yar,47260,
8e5b9a7edd9f9bae6b9a2ab1ede9dd4219376d59,DELETE,executable,rules-master/crypto.yar,4417,
f29286ae5e3aa33c8761ddf233e645f1c5d033f7,DELETE,executable,rules-master/email/EMAIL_Cryptowall.yar,1412,
b7d1d65552e15c56e9a7bd8388f4147cc0fd758d,DELETE,executable,rules-master/email/attachment.yar,786,
42fbbeaec18b1eba5112ce1c5f4585c130be5f30,DELETE,executable,rules-master/email/bank_rule.yar,95,
9fdf21e9d31897df8914af4dbe9d07e0d19d04b1,DELETE,executable,rules-master/email/email_Ukraine_BE_powerattack.yar,1325,
5bceced0b2c254f357c164da730fad7369a8beb2,DELETE,executable,rules-master/email/eml/davivienda.eml,8830,
2d11b95c5b125ad511809f187f71258c91823745,DELETE,executable,rules-master/email/eml/transferencia1.eml,233579,
c984c0d1213b87b8a7898a3858e2bbcd6f758357,DELETE,executable,rules-master/email/eml/transferencia2.eml,233946,
786ec4afb916c37fccf18f16b7a9358cbf058b98,DELETE,executable,rules-master/email/image.yar,825,
0d5e062edcf98c682277656146a1679f857be482,DELETE,executable,rules-master/email/scam.yar,1175,
9e51d58f50bf8b9fdc1a4903b343b82bd21dbe8a,DELETE,executable,rules-master/email/urls.yar,781,
80cf7d5bbd2132eae8d4b4bbe1d5cd3c01cebb08,DELETE,executable,rules-master/malware/APT1.yar,31408,
b2078e02a7c3dd0df3e66a9eacb6c45d2c0b955f,DELETE,executable,rules-master/malware/APT3102.yar,884,
694289f5d6fe70a0334c853725196d3f5e4ea2f0,DELETE,executable,rules-master/malware/APT9002.yar,1688,
a91d231919dcbb71375b1acecb0f4a9230bb0873,DELETE,executable,rules-master/malware/APT_APT17.yar,901,
bd016166e3f6a2a11687e4806d904e964e879206,DELETE,executable,rules-master/malware/APT_Bestia.yar,1231,
1f01c23cf3a19044b3bbddb12003f384515e9bc6,DELETE,executable,rules-master/malware/APT_Blackenergy.yar,7630,
b7889e57276500a09e4c7a84fb8257422e5c51c5,DELETE,executable,rules-master/malware/APT_CVE2015_5119.yar,832,
6919e49206c50c33000777454ce06812d0661592,DELETE,executable,rules-master/malware/APT_Carbanak2.yar,1914,
30b033100ff511043dd667a9b87d7b78101e0ad8,DELETE,executable,rules-master/malware/APT_Careto.yar,1830,
3d751816474a8bb4c4fc58a34f1a8c8fe88ef9de,DELETE,executable,rules-master/malware/APT_CheshireCat.yar,4314,
b60986b6164e019264003d1f5a0bdfb6a5d755ea,DELETE,executable,rules-master/malware/APT_Cloudduke.yar,3018,
a5bdcca29eb0c521b16e3238b5bdfea292c45f7a,DELETE,executable,rules-master/malware/APT_Codoso.yar,14224,
f30e36911d88dc242c604c5c762aa8fa3e234b9f,DELETE,executable,rules-master/malware/APT_DeputyDog_Fexel.yar,1144,
be3a1ca47416cd6a529f34e0c87a39ba86589eac,DELETE,executable,rules-master/malware/APT_Derusbi.yar,9865,
0be02fa72df3db575cf7a95bd6fb0379778cf5c5,DELETE,executable,rules-master/malware/APT_Duqu2.yar,2055,
b08efc7fee4c772a2f126c02d5aa6c76cca0671a,DELETE,executable,rules-master/malware/APT_Emissary.yar,2165,
10bc801395e7155ca332b1842eebfe573b742f42,DELETE,executable,rules-master/malware/APT_HackingTeam.yar,3245,
c1ee7ac8a0839f53a33701e8f8219f71e8c3d92c,DELETE,executable,rules-master/malware/APT_Hellsing.yar,4963,
a57b4926e4ab18d66f1e621d0b68f006cda723c2,DELETE,executable,rules-master/malware/APT_Hikit.yar,360,
f60565e560088854225868a9cbcb02cd7b2b7d7a,DELETE,executable,rules-master/malware/APT_Hizor_RAT.yar,1286,
770f92202ac3fa90a990ad51234db97470e87faa,DELETE,executable,rules-master/malware/APT_Irontiger_Trendmicro.yar,10058,
78249b39e316fd86b1c797ea7485cc682b50d1a6,DELETE,executable,rules-master/malware/APT_Kaba.yar,900,
fce75e03427067d8fbecacb39409bc1431970d0e,DELETE,executable,rules-master/malware/APT_Laudanum_Webshells.yar,12879,
d689cc54935d6987f339af64ef709832b31b477a,DELETE,executable,rules-master/malware/APT_LotusBlossom.yar,497,
e4c0d225beb5022e77ae9a134d903901d19ac3f2,DELETE,executable,rules-master/malware/APT_Minidionis.yar,3218,
401cf617f3799d57ccff39c824be3ed7ac21a06f,DELETE,executable,rules-master/malware/APT_Mirage.yar,1128,
0f91198db06e306f426da201014ffce68de8ddb6,DELETE,executable,rules-master/malware/APT_Molerats.yar,810,
953abc33f61efe41fc616766d5cae65c41b5714b,DELETE,executable,rules-master/malware/APT_Mongall.yar,1441,
44209e1d001693c4a5b9638d0d7161b3c6644bd6,DELETE,executable,rules-master/malware/APT_NGO_wuaclt.yar,1117,
df88f0c1e962124794f19ba2a71c4b3afb162261,DELETE,executable,rules-master/malware/APT_OLE_JSRat.yar,541,
5465a11fb2598c39004bd6458b72ceeb72b05a7a,DELETE,executable,rules-master/malware/APT_OPCleaver.yar,5260,
f0a7db3d4ad83f51bf594bed84179fda69d85f4c,DELETE,executable,rules-master/malware/APT_Poseidon_Group.yar,3745,
4bcf6a3093851264a531ba97e53e4ebd1cb4a0c8,DELETE,executable,rules-master/malware/APT_Regin.yar,14366,
69f142940e239afcd33340ed3a321f7382ebe612,DELETE,executable,rules-master/malware/APT_Seaduke_Unit42.yar,881,
e74fda6b00af4808a9178f081df6264696b1c1bb,DELETE,executable,rules-master/malware/APT_Sofacy_Fysbis.yar,2224,
9c93c214535bb22dad58cf194fe4cfa72bf42b91,DELETE,executable,rules-master/malware/APT_Sofacy_xtunnel_bundestag.yar,4001,
9c2fe5286ba03294539a2a716b55b7f4272187d4,DELETE,executable,rules-master/malware/APT_Sphinx_Moth.yar,5039,
a9252a9bf136042b7dd3e5bd24a53290bea252fe,DELETE,executable,rules-master/malware/APT_Terracota.yar,3693,
5ab349658ea0e1e08ba9dacf45efaaca05330541,DELETE,executable,rules-master/malware/APT_Terracota_Liudoor.yar,916,
2ab2b20ae646e95d385bfe4eb587183841e3d64a,DELETE,executable,rules-master/malware/APT_UP007_SLServer.yar,4883,
506a399ee2e774bb4a57c26b526919e0b3862e32,DELETE,executable,rules-master/malware/APT_WildNeutron.yar,18062,
18148932858f6e119a6c1f5302d037365652b914,DELETE,executable,rules-master/malware/APT_Winnti.yar,5504,
13ff681b18087c0f89f698fa9b1c192853088649,DELETE,executable,rules-master/malware/APT_alienspy_RAT.yar,1771,
06fbdd7a46c6a6070e82d7a1188cdccb09af19c4,DELETE,executable,rules-master/malware/APT_backspace.yar,603,
08586a89447863686a7077a27d5aa252d579aa55,DELETE,executable,rules-master/malware/APT_bluetermite_emdivi.yar,5234,
1aa254ca43c5f74595f38b5355db2ab9e3cc2fe5,DELETE,executable,rules-master/malware/APT_c16.yar,4490,
530bda11ae6200930406952583c6ff6b602c237d,DELETE,executable,rules-master/malware/APT_indetectables_RAT.yar,2276,
8f6e66492d31197de5ca64df75d6cfb9089350dc,DELETE,executable,rules-master/malware/APT_irontiger.yar,5858,
77d2f40d23172d3a7d935238b7c1f0668b941d40,DELETE,executable,rules-master/malware/APT_korplug_fast.yar,1006,
c01cf3ba5d84cb857e4d8646d1c44c523ca31b91,DELETE,executable,rules-master/malware/APT_passthehashtoolkit.yar,7858,
420512d35a620908e63214dcfed28622addcaa56,DELETE,executable,rules-master/malware/APT_pcclient.yar,847,
30e554b54c0153d010a3f77822268b7fac427824,DELETE,executable,rules-master/malware/APT_putterpanda.yar,14817,
3cf5673e450ab3b8c64b1abfeb191377f5942a3f,DELETE,executable,rules-master/malware/APT_quarkspwdump.yar,1101,
8dd33211fd12f02057795f252802c810b7cef42b,DELETE,executable,rules-master/malware/APT_threatgroup_3390.yar,11544,
0e0932c7faca0b4d65bc641166f07de8589eab42,DELETE,executable,rules-master/malware/APT_unit78020_malware.yar,5663,
7050eb485b75bbd515172045e18018083ba6e9c4,DELETE,executable,rules-master/malware/APT_win32_dll_rat_hiZorRAT.yar,1844,
39cb9f04af22ebf9a96479ff483db9c7fc58360c,DELETE,executable,rules-master/malware/Adwind_JAR_PACKA.yar,622,
6e6bc75980237a7f40afd6f5e1779e0690fb9fcf,DELETE,executable,rules-master/malware/Adwind_JAR_PACKB.yar,615,
8e9dbf4e75b43467679ab7341ea214ba66ce337e,DELETE,executable,rules-master/malware/Adzok_RAT.yar,702,
411bfcdca8fef0d5eb857d35b078e276c59f0e99,DELETE,executable,rules-master/malware/Alina.yar,513,
82851b3140ae63e02b74cdabbeaf26b54a31d01e,DELETE,executable,rules-master/malware/Andromeda.yar,554,
d359b90de70f60228b94b1e8de13cec6ee66ffc8,DELETE,executable,rules-master/malware/Anthem_DeepPanda.yar,3968,
aaa7362705f3749cb2c1d8240f8d301eae302954,DELETE,executable,rules-master/malware/Athena.yar,655,
2cf2087c25d09249f6d54b15bfebbe7eb427aad9,DELETE,executable,rules-master/malware/Babar.yar,1440,
f06ecc72b89edb7738d2d7c9455414d6b4a80391,DELETE,executable,rules-master/malware/Backdoor_WinntiPharma.yar,426,
61735d20d9c78088d50fb737b3fbc992b320c232,DELETE,executable,rules-master/malware/Bangat.yar,1196,
c33428a8e5dfc7be31572f13ab4fb3428d3dd297,DELETE,executable,rules-master/malware/BlackShades.yar,3701,
4ae9c3b3678185f1a31b267a7ad6c73c380be732,DELETE,executable,rules-master/malware/BlackWorm.yar,821,
98d5e93c97ba77be1a8002db3d023df57dc39662,DELETE,executable,rules-master/malware/Bolonyokte.yar,1474,
fb71edd79d2429aa9c3a8e5c40556e831ad98b2b,DELETE,executable,rules-master/malware/Boouset.yar,537,
d6bd4147a3d8d73c66685f5742bbac08ced33717,DELETE,executable,rules-master/malware/Bozok.yar,548,
8427b8f4e6df6541640d351e669d4884c6fc64c1,DELETE,executable,rules-master/malware/Bublik_downloader.yar,474,
ab4bd015b3f3f7683de2939e8112873357160abb,DELETE,executable,rules-master/malware/CAP_HookExKeylogger.yar,525,
dff5da6b5f90a6608d9cb716d88145953b447cdc,DELETE,executable,rules-master/malware/CAP_Win32Inet.yara,1561,
c29bf951e57457f9fd0cad7585832181bdb0ec97,DELETE,executable,rules-master/malware/CRIME_Shifu_trojan.yar,3234,
5a0e9f0798c77fd2ea0858a8ada7f71e3be5ed62,DELETE,executable,rules-master/malware/Casper.yar,3206,
5ee19a9114399707531ee875c8432186b2004dd8,DELETE,executable,rules-master/malware/Cerberus.yar,521,
2e548ef3c9dec85da0b57e9851df325c7fcaa544,DELETE,executable,rules-master/malware/Citadel.yar,724,
2cebc27991b91166c1c3fff9aafff6b5942b2d36,DELETE,executable,rules-master/malware/Cookies.yar,1222,
d946685f4214c5baec082797eac99dbf8c11fa32,DELETE,executable,rules-master/malware/CorkowDLL.yar,738,
2276e4cc90ab1ba9cf40f14136d2ca4ce4072852,DELETE,executable,rules-master/malware/Crime_Fareit.yar,1183,
a99bcf25648ce8664d0a7a1d017ccc1ec66b650e,DELETE,executable,rules-master/malware/Crimson_RAT.yar,530,
076175c1aa5ab6c6d9e9e75ad05fd10c67e5204e,DELETE,executable,rules-master/malware/CyberGate.yar,756,
43789bad62765ddedc348abee6fa884067c6cf2a,DELETE,executable,rules-master/malware/Cythosia.yar,492,
c7a25b17cdfda993240afe331d5057b1e00ad3fa,DELETE,executable,rules-master/malware/DDoSTf.yar,768,
16d01e80c30392783c616f108f93a0372eb9b860,DELETE,executable,rules-master/malware/DRIDEX_phish_gina_dec15.yar,2029,
1a224e5fdfe6b64a521a4ce97b8322fcfce2e800,DELETE,executable,rules-master/malware/DarkComet.yar,3035,
3688250c508020fab766256007ec4445d7e82970,DELETE,executable,rules-master/malware/Derkziel_Stealer.yar,833,
a178b8f2a2d485b878cde80688f584446072e4c7,DELETE,executable,rules-master/malware/Dexter.yar,988,
f6fce33cf1425e8b4e01c7b3a5d5b98dcebf1c91,DELETE,executable,rules-master/malware/DiamondFox.yar,586,
b978b705d5e83febd3f4b988fc13c4614fa07517,DELETE,executable,rules-master/malware/Dridex.yar,1068,
ae39bf89a553ffd3bd190f073556cb10657b9b1b,DELETE,executable,rules-master/malware/ELF_Linux_Torte.yar,1910,
f7a3e1c78fdd4020f448b669f42b0ab63d357f09,DELETE,executable,rules-master/malware/EXPERIMENTAL_Beef_Hooked.yar,1680,
1fc6a9cfa96f1a965d817fdcd96576956ba55efc,DELETE,executable,rules-master/malware/EXPERIMENTAL_Beef_pretty_theft.yar,3121,
79c99c26c9369cc6da70e6258d68e839cd29c527,DELETE,executable,rules-master/malware/Enfal.yar,4158,
7e2eb42dce5234db287fdbcebbcd34bfb6caf6fd,DELETE,executable,rules-master/malware/Equation.yar,19447,
22d789fc6c70558d86fe6737572d8d71b3e57ca4,DELETE,executable,rules-master/malware/Exploit_CVE_2015_2426.yar,2240,
79ba19e5a0bdda9ec3cb842c6f42f058d1a100fd,DELETE,executable,rules-master/malware/Ezcob.yar,900,
06c09653b5dd948d778cddfceb9b4c062cd69dca,DELETE,executable,rules-master/malware/F0xy.yar,484,
1d39bbeaaaec1b1daae7393fac887ab354b94809,DELETE,executable,rules-master/malware/FakeM.yar,2437,
189aa41aa8f04f7dba427460aaba938c28e0cc62,DELETE,executable,rules-master/malware/FinSpy.yar,6093,
bed7b65236dcc216b3d9246f47bdb434b6c1fcd3,DELETE,executable,rules-master/malware/FiveEyes.yar,10768,
71880418954d22dbedb46c8c4c465ce9fdc17fa2,DELETE,executable,rules-master/malware/FlyingKitten.yar,1406,
c31c5e9e7113b72fc60472a3610a04a5f404a4dd,DELETE,executable,rules-master/malware/Gamarue.yar,661,
23563eb2d6db18e8334bfa9eee4fa5e047b74ee3,DELETE,executable,rules-master/malware/Gen_powerkatz.yar,1330,
204ab104468ecdb14fe831629885992e33909546,DELETE,executable,rules-master/malware/Genome.yar,580,
7689ffc2de42eb12ff0a5d6fb64903ab01f3227a,DELETE,executable,rules-master/malware/Gh0st.yar,1734,
1bfcd07b9fc9f4169750755b59f8bf80a32f5966,DELETE,executable,rules-master/malware/Gholee.yar,3142,
48d771d0801dd9247f76266b82872ad7bde8b5d1,DELETE,executable,rules-master/malware/GlassRAT.yar,410,
ede7bba986177453e3c12bbac20778c5138e7524,DELETE,executable,rules-master/malware/Glasses.yar,1167,
3f0dd55f6008a6bdae9106505e1ef0455d879062,DELETE,executable,rules-master/malware/Gozi_Family.yar,594,
48eb014460821779ee9abe40daaedb3a6ccf1b2a,DELETE,executable,rules-master/malware/Grozlex.yar,521,
66794bbc15a8b421df485d8890ab8536710aec2e,DELETE,executable,rules-master/malware/Havex.yar,1991,
454160b427cc6d98f39b5f66fda4881970a1337b,DELETE,executable,rules-master/malware/Havex_Memdump.yar,877,
855012f95cc18e185bdc6712bef9acfccf04c4a1,DELETE,executable,rules-master/malware/Hsdfihdf_banking_malware.yar,1114,
d229d4034cb58216dc1d80c91d45302fa65e6c9e,DELETE,executable,rules-master/malware/IMuler.yar,1857,
3ec2b796ecf8191971c06b2600d100b65b4d0903,DELETE,executable,rules-master/malware/Install11.yar,1134,
ef957066550b30d7a2677a840c0366b5bf35365c,DELETE,executable,rules-master/malware/Intel_Virtualization.yar,1241,
082254cba9956b9785a15bb122fa7e87e82b03b7,DELETE,executable,rules-master/malware/KINS.yar,1699,
6b803d996cc16ac4a6cb0740c49b985c425d3d32,DELETE,executable,rules-master/malware/Kelihos.yar,996,
c8d8a62f50899efba70c7926754ee6d23f362a7b,DELETE,executable,rules-master/malware/KeyBoy.yar,1259,
ae2802199e48de090034ee74a43f5af4c75d3b62,DELETE,executable,rules-master/malware/LURK0.yar,1934,
034c39e477de724430e1dae972467a674006be31,DELETE,executable,rules-master/malware/Lenovo_superfish.yar,1103,
048b47d3975b1aafdb35273a38b760b529d0cee7,DELETE,executable,rules-master/malware/Leverage.yar,904,
fb3be167039c0e0e860eb9f62e3c869fda62c473,DELETE,executable,rules-master/malware/LinuxMoose.yar,2862,
76889c9456dc661746c08cd04ecf467ef0a2deef,DELETE,executable,rules-master/malware/LostDoor.yar,411,
c41b57485c666f3bf018ba8600aa7898d1efd185,DELETE,executable,rules-master/malware/LuckyCat.yar,652,
6c66ac41a23ce2fce377c64f240837cd7e591f8c,DELETE,executable,rules-master/malware/MacControl.yar,1552,
8ed4b576cc31550397e19e6b1ac6c18dfaf1dec6,DELETE,executable,rules-master/malware/Mailers.yar,1127,
f25a5d44f144fc5605077676b31245188ec4e40f,DELETE,executable,rules-master/malware/Miancha.yar,2135,
55db0c6e6431fcb44df87bdf9875a99640cbe7e7,DELETE,executable,rules-master/malware/Miscelanea.yar,24099,
895d5b128c84ba396754c3d70ffaa9618cc122ef,DELETE,executable,rules-master/malware/Miscelanea_Linux.yar,5252,
3f4ae9a1cc485b2a8f42c810e479bb56ff6ba9f3,DELETE,executable,rules-master/malware/Miscelanea_RTF.yar,614,
2cad2998f3b131dcb73beff11ebd9194a99e27d9,DELETE,executable,rules-master/malware/NSFree.yar,1172,
88a8638bb90df22d270d1b710b5e918aca9d9993,DELETE,executable,rules-master/malware/Naikon.yar,2497,
1d6a1060a97cd74e1e1ea8978b26390eab144f82,DELETE,executable,rules-master/malware/NetTraveler.yar,2254,
05eea694c05ccde82cc9b148f3decfd6b6a8be66,DELETE,executable,rules-master/malware/Njrat.yar,1682,
f5144f6c4356f65d6e09a20b251ef7b89a408b68,DELETE,executable,rules-master/malware/Notepad.yar,528,
ba9e5e1c67d968cd602145d4f258a6661e3ba872,DELETE,executable,rules-master/malware/Olyx.yar,1021,
e6ff4c28031c4f506a8f156f82cb77cdc89e6b28,DELETE,executable,rules-master/malware/OpClandestineWolf.yar,1744,
72817893fa6647ab9b2165a09b341a35740d8766,DELETE,executable,rules-master/malware/Opcleaver.yar,8360,
78a59ec23dd40cd39f9b3bbfdca4e11af191caad,DELETE,executable,rules-master/malware/Operation_Blockbuster/DeltaCharlie.yara,562,
41e8f7d4ffea7501a0fef099c23fd4ede899bac2,DELETE,executable,rules-master/malware/Operation_Blockbuster/HotelAlfa.yara,802,
88e27eb696c8f566caadac565680c519c7a1db5a,DELETE,executable,rules-master/malware/Operation_Blockbuster/IndiaAlfa.yara,519,
931b0ed7f1a3b6553dca3c556758519973ca4a27,DELETE,executable,rules-master/malware/Operation_Blockbuster/IndiaBravo.yara,3015,
54a38605fa955de723b56e443024263dbf714e1a,DELETE,executable,rules-master/malware/Operation_Blockbuster/IndiaCharlie.yara,916,
7d611e3a645c12390a8478271e1cc596f492cae1,DELETE,executable,rules-master/malware/Operation_Blockbuster/IndiaDelta.yara,1086,
b2f49f2db594393c13a717c6a544725b9bd69ac4,DELETE,executable,rules-master/malware/Operation_Blockbuster/IndiaEcho.yara,1468,
ae29da2cf0db522a5c7eca929c98b719992b601d,DELETE,executable,rules-master/malware/Operation_Blockbuster/IndiaGolf.yara,1016,
414c47b3d751bc22cac58c510e8edf561e327856,DELETE,executable,rules-master/malware/Operation_Blockbuster/IndiaHotel.yara,908,
34ca175b28d0fc7c3821f7864f2178b7e0252d25,DELETE,executable,rules-master/malware/Operation_Blockbuster/IndiaJuliett.yara,3475,
8de4d081e7b935f8200b3637fd113c3144da65ef,DELETE,executable,rules-master/malware/Operation_Blockbuster/IndiaWhiskey.yara,1562,
deb0981e317c040d4fcdf5edd466054096d7e523,DELETE,executable,rules-master/malware/Operation_Blockbuster/KiloAlfa.yara,4115,
849a50c541740150fd93db208ff7fc35c10827f2,DELETE,executable,rules-master/malware/Operation_Blockbuster/LimaAlfa.yara,1038,
e5543e2c8724ccc92aa7576c425b440214112b93,DELETE,executable,rules-master/malware/Operation_Blockbuster/LimaBravo.yara,843,
8dea9fca4d9f7e0b75e9b9e74b2b9b6add4f5595,DELETE,executable,rules-master/malware/Operation_Blockbuster/LimaCharlie.yara,1794,
0d79d594373c14c8734ad28c29795ca3980633bb,DELETE,executable,rules-master/malware/Operation_Blockbuster/LimaDelta.yara,2048,
430378b369192b4b20f5b2d87cd1a4130776dfab,DELETE,executable,rules-master/malware/Operation_Blockbuster/PapaAlfa.yara,353,
892717f7967538777d71d6cfef0f15393a8a5259,DELETE,executable,rules-master/malware/Operation_Blockbuster/RomeoAlfa.yara,1850,
44d75c1bbff66d83a780fddef51d73392d577f2b,DELETE,executable,rules-master/malware/Operation_Blockbuster/RomeoBravo.yara,1388,
f85a2331f8675b2f07adfe40a1983e8622b62ee3,DELETE,executable,rules-master/malware/Operation_Blockbuster/RomeoCharlie.yara,2340,
41acb4fa2e25c7534974ceb7cd5cdbed60a0d4ab,DELETE,executable,rules-master/malware/Operation_Blockbuster/RomeoDelta.yara,1256,
5ac3cc57517ac0774714989eb989d489951d9a7b,DELETE,executable,rules-master/malware/Operation_Blockbuster/RomeoEcho.yara,288,
1b3741f8f103cbec1bbe31a84a638b8f2570deed,DELETE,executable,rules-master/malware/Operation_Blockbuster/RomeoFoxtrot_mod.yara.error,3374,
36d576de44589b39ae7b7c259840fbca425ba678,DELETE,executable,rules-master/malware/Operation_Blockbuster/RomeoGolf_mod.yara,1463,
64468ef305c79428b6692e8d2700b0c1184cd433,DELETE,executable,rules-master/malware/Operation_Blockbuster/RomeoHotel.yara,1968,
f66434ab867ed8ab1e700b1c60ed280ed1f924ad,DELETE,executable,rules-master/malware/Operation_Blockbuster/RomeoWhiskey.yara,2315,
119f2239ab2b2424a2314871f4caffca2acbf72e,DELETE,executable,rules-master/malware/Operation_Blockbuster/SierraAlfa.yara,3628,
7c5e07ad826e303653b88580e4b7828a754a6580,DELETE,executable,rules-master/malware/Operation_Blockbuster/SierraBravo.yara,4400,
ad07f0c15283196bbc0ee30c50d1db29b6d7bd16,DELETE,executable,rules-master/malware/Operation_Blockbuster/SierraCharlie.yara,1001,
2e409f70a199f922464147fed7da54b7f3326dfd,DELETE,executable,rules-master/malware/Operation_Blockbuster/SierraJuliettMikeOne.yara,1761,
3381ad16d7aecd917fa20457e5c3bc738da59c1d,DELETE,executable,rules-master/malware/Operation_Blockbuster/SierraJuliettMikeTwo.yara,3414,
49e361d2b2848a99c94b74ba94c81b92fb6ff373,DELETE,executable,rules-master/malware/Operation_Blockbuster/TangoAlfa.yara,538,
1dd2ca363ab812994b53fbd67c54518a83e7c415,DELETE,executable,rules-master/malware/Operation_Blockbuster/TangoBravo.yara,1109,
6d83a9e9ba786c706b771f3fe1c190be0cc333b5,DELETE,executable,rules-master/malware/Operation_Blockbuster/UniformAlfa.yara,1068,
11522940241650082a2e7deab2565c9cde790333,DELETE,executable,rules-master/malware/Operation_Blockbuster/UniformJuliett.yara,983,
8bb76a0c8fe6046edb55e3731dd3b0346c086093,DELETE,executable,rules-master/malware/Operation_Blockbuster/WhiskeyAlfa.yara,2326,
5cf65f8480e28e794b51980cc50cfe0df5b29669,DELETE,executable,rules-master/malware/Operation_Blockbuster/WhiskeyBravo_mod.yara,2388,
1271e00c3e2ba0d6708bd5fb98003761fac2880b,DELETE,executable,rules-master/malware/Operation_Blockbuster/WhiskeyCharlie.yara,1749,
d0d775554425bb8ee39b0cebb12979de0ac23984,DELETE,executable,rules-master/malware/Operation_Blockbuster/WhiskeyDelta.yara,1641,
46dd021455ae62d9c30869798a2258489f91a092,DELETE,executable,rules-master/malware/Operation_Blockbuster/cert_wiper.yara,10035,
82455564441a74a6a41f3735ca3c78ff8331dec6,DELETE,executable,rules-master/malware/Operation_Blockbuster/general.yara,1517,
ff82623ab5618ad86241873e4556a26665c5c12f,DELETE,executable,rules-master/malware/Operation_Blockbuster/mastersig,1632,
a293a80cc9f75c2010007a7f1368b965848bfddf,DELETE,executable,rules-master/malware/Operation_Blockbuster/sharedcode.yara,12623,
9823d27c17cd7e506d7593f3b287abb4ce4a0748,DELETE,executable,rules-master/malware/Operation_Blockbuster/suicidescripts.yara,909,
4093f0f4398acb04cba329e8568e4925ba400a96,DELETE,executable,rules-master/malware/Operation_Dust_storm.yar,4609,
bbe0910c6afd856ff0a5932e6930e869782b427f,DELETE,executable,rules-master/malware/Operation_Potao.yar,4739,
42ddb77855cc98f4736726564ebf08430ce38090,DELETE,executable,rules-master/malware/POS.yar,9362,
0a3435dd1eb2508842e17b3761a04b8a48ad9bf2,DELETE,executable,rules-master/malware/POS_Easterjack.yar,524,
be6b0f71c158c571e6c63078a9f3569c356b2bd0,DELETE,executable,rules-master/malware/POS_LogPOS.yar,816,
9fd1412942ed20eef98a241822342a883e92f63e,DELETE,executable,rules-master/malware/POS_MalumPOS.yar,726,
686d0cf12bc5580354f3487c2b6cebedf70d2c1c,DELETE,executable,rules-master/malware/POS_bernhardPos.yar,1389,
33da0ae3242c56014b157b5d31acfca02601806d,DELETE,executable,rules-master/malware/PlugX.yar,1199,
d9e114459626f6ff0450b334ebcb3b4400b7f308,DELETE,executable,rules-master/malware/PoisonIvy.yar,1985,
fef44f8c0e94b68304117051b5f30046e5a1a5ca,DELETE,executable,rules-master/malware/Pony.yar,786,
3d03254867996d902febcb10863ce8e7fecba4ae,DELETE,executable,rules-master/malware/PubSab.yar,1000,
6116214bfe833eeb958611baeefc39ab90d0e573,DELETE,executable,rules-master/malware/Quarian.yar,2166,
4ce0252c83598fa1c450c54ec8b0aa1eefceff96,DELETE,executable,rules-master/malware/RAT_Sakula.yar,2810,
417cd42569550b3aeda7d91d6ea012805f5f0102,DELETE,executable,rules-master/malware/RAT_Terminator.yar,1000,
666f46b0385395ca81326254d7229a02de85e3d5,DELETE,executable,rules-master/malware/RCS.yar,2374,
b42068728ef486394958a4d993dbb75bca554cb0,DELETE,executable,rules-master/malware/Ransom_TeslaCrypt.yar,455,
4969aa66b0eb9641b74b70e5155a0fbafaa29430,DELETE,executable,rules-master/malware/Ransomware.yar,2588,
4cf294e45200918fb2fdc89d887294b6581059a4,DELETE,executable,rules-master/malware/Ransomware_Locky.yar,735,
58407fad8a02221571c17c1be737c2c3e7ebd3c1,DELETE,executable,rules-master/malware/Ransomware_Petya.yar,1102,
0a33d1500a84631b1a9c43ae8d49dd05ccfa4b7b,DELETE,executable,rules-master/malware/Regsubdat.yar,1278,
9478605b652f63de8c530b75426d5417ed9bc39b,DELETE,executable,rules-master/malware/Rockloader.yar,847,
6523b9ce876f2d6793f7750ada1af6fb4193d930,DELETE,executable,rules-master/malware/Rooter.yar,2154,
be7d844d00a61a659f821a6a0f54e56ee89b08ed,DELETE,executable,rules-master/malware/Safenet.yar,1123,
97fe7ffff97bc98863f2781c0297820369382842,DELETE,executable,rules-master/malware/Sayad.yar,2032,
97f034dc93701868ff08eed0977881fc0f4acc08,DELETE,executable,rules-master/malware/Scarhikn.yar,1143,
4a8a9d7124dc7cc1c7eb06c78cd2c02ef4602fbf,DELETE,executable,rules-master/malware/Scieron.yar,1510,
fcf2e162c4ee8f080c0caff7ef4467839c1f4c97,DELETE,executable,rules-master/malware/ShadowTech.yar,966,
f4eb7fc91c193b5f611a890b713cf1bb1797cc9b,DELETE,executable,rules-master/malware/Shamoon.yar,687,
84bd2186ac7f3d56b84277384c43b487d27be139,DELETE,executable,rules-master/malware/Skeleton.yar,2240,
2c3ffe42a2ecc4889215e9189ec875bcf2bd5688,DELETE,executable,rules-master/malware/Stealer.yar,661,
bd350f72bc2d9152842a1874efe963bec2cc45dc,DELETE,executable,rules-master/malware/Surtr.yar,2844,
cbbabdc2c689c2ce16076ff3257d244924af0eec,DELETE,executable,rules-master/malware/T5000.yar,1292,
adcf4aed7d9a07d3de86bb6b94b4c09120e75940,DELETE,executable,rules-master/malware/THOR_HackTools.yar,95956,
9e0e502bd9a65aceae1229c202f43249dfe59479,DELETE,executable,rules-master/malware/THOR_Webshells.yar,305472,
bb86c229b67a52c4c6f83e6dcb2248497628ec54,DELETE,executable,rules-master/malware/Tinba_Banking_Trojan.yar,1224,
48f9d7a8c6bf106807d5a67d1a1823799017ed5c,DELETE,executable,rules-master/malware/Trojan_Elex.yar,3504,
d6ba4d7e3ba2b327044e1c560535ae48e02a098e,DELETE,executable,rules-master/malware/Trojan_Ponmocup.yar,1791,
3e2484de5e28516ed64f57d3051c7ca404069f7d,DELETE,executable,rules-master/malware/Turla.yar,615,
dc4832fbf8ef3d68ed5c9149664b99a0fc7c6377,DELETE,executable,rules-master/malware/Urausy.yar,609,
eb04fee7beb26c60e1846cac3b36f323def41407,DELETE,executable,rules-master/malware/Vidgrab.yar,1255,
569ad6dfc9f8c6918e4c7380343f2798fd5921e9,DELETE,executable,rules-master/malware/W32_NionSpy.yar,673,
6e0ffc51d1794b72b8b32f8e85519d483013f9ac,DELETE,executable,rules-master/malware/Wabot.yar,442,
56540bf89d10d8307fc9f8f20675c9e72344ed12,DELETE,executable,rules-master/malware/Warp.yar,995,
8d75e46ddcbd4c3761fbde8181b7b983e55c0e9b,DELETE,executable,rules-master/malware/Waterbug.yar,4045,
6313470a8202b267ee33e6d10666788c6395d8ec,DELETE,executable,rules-master/malware/Wimmie.yar,1209,
0cfbe927cde3317303527d4829ec1255f5dc627b,DELETE,executable,rules-master/malware/Win32_Buzus_Softpulse.yar,829,
da8f93b3f7be94e6235a46859e2f41adb32ff54a,DELETE,executable,rules-master/malware/WoolenGoldfish.yar,3406,
bbc2f5cd2e873f8cb9e9f1648c14ce86ce042766,DELETE,executable,rules-master/malware/XOR_DDosv1.yar,507,
1960b6a3625115a36b83e4dff40b125146475b61,DELETE,executable,rules-master/malware/Xtreme.yar,2549,
751f56610c45d9da0dc37405227008488df8a6a0,DELETE,executable,rules-master/malware/Yayih.yar,1036,
fe6850144fb6146f5b1737f24ddaf96d55396e6c,DELETE,executable,rules-master/malware/Zegost.yar,510,
3a9083709d1d171c7a317fd94adc00440a7f6b36,DELETE,executable,rules-master/malware/Zeus.yar,1010,
72c04694974f1143f878c011483e6083d6de5ced,DELETE,executable,rules-master/malware/ZoxPNG.yar,655,
c383e5cebd58c7ccf6d1c9616c70b3780fd9a9a9,DELETE,executable,rules-master/malware/backoff.yar,531,
692a772bb44ebd5438044b535cdd7127a10b173d,DELETE,executable,rules-master/malware/crime_upatre_oct15.yar,2129,
f2faaa7b47d702ec148abe57e755d28f00108212,DELETE,executable,rules-master/malware/cxpid.yar,1096,
1389ae81f7fc79d24124cbf1c2072a7b1c6a8731,DELETE,executable,rules-master/malware/dubrute.yar,621,
74903bc36c4b22c503b56245a395aff837d482fb,DELETE,executable,rules-master/malware/exploit_cve_2015_1701.yar,989,
7c98ff42025ecf75f997bc58fafa0b939be1b1cc,DELETE,executable,rules-master/malware/exploit_uac_elevators.yar,4979,
5e3740a97fdcc2d72fb77b4dab86693fda305906,DELETE,executable,rules-master/malware/favorite.yar,1041,
51eb09e5e8d5d1c85711e3d74ac5927a230f2d76,DELETE,executable,rules-master/malware/general_cloaking.yar,1675,
129f1c588f1ade3ff60e3dfd30e07dd1c4ec228f,DELETE,executable,rules-master/malware/generic_exe2hex_payload.yar,828,
274ad13091fbb4aeec5fd1d8f978aa832cc5371c,DELETE,executable,rules-master/malware/iexpl0ree.yar,1894,
046e2155893dc7abb8941696f098e4a60ab48241,DELETE,executable,rules-master/malware/inocnation.yar,2366,
24d5f21574532ba92c7bb44a09b78ceed791fe9f,DELETE,executable,rules-master/malware/jRAT.yar,620,
7f0c348e94c03177158e8084f11d5f0e63c4356f,DELETE,executable,rules-master/malware/js_obfuscator.yar,614,
96973b78c62b9a20864c31d930a5073cac06cea7,DELETE,executable,rules-master/malware/kraken_bot1.yar,796,
3b95bc51c41f1e0afdb46208a54d2afe3ccdb58e,DELETE,executable,rules-master/malware/mozart.yar,1511,
bcce7abb9e3cd06471f56fb316d904c88b8ca5de,DELETE,executable,rules-master/malware/naspyupdate.yar,1113,
53c7d112ff744bd0e138cec9a25bfa9fc1774992,DELETE,executable,rules-master/malware/netwiredRC.yar,1090,
092fc16ec1afdd9ee75ed78dbb44c50013b95165,DELETE,executable,rules-master/malware/ponmocup_plugin_memory.yar,2237,
de5ee41f52e1530ee0951e2b3c28779799995e1c,DELETE,executable,rules-master/malware/rovnix_downloader_sinkhole_check.yar,595,
cab241ab188aed952e8cfbd2fc5a65c62e2208aa,DELETE,executable,rules-master/malware/sqlite.yar,499,
50a83b31f7db3d4efc5064c553a61bf7cf30b061,DELETE,executable,rules-master/malware/ssh_backdoor.yar,909,
2353939c010bca57ccd4acc0b0f3f3b06464df52,DELETE,executable,rules-master/malware/tedroo.yar,429,
277e605b62997f52e620d1f85887d2e973e84596,DELETE,executable,rules-master/malware/tox.yar,7005,
7e1de9a4a3a883abf438a70b4ad6fb24f68c0a31,DELETE,executable,rules-master/malware/windigo-onimiki.yar,2824,
0bb62085c0ce7dc72e90c3e0d8ca64e61b793266,DELETE,executable,rules-master/malware/wineggdrop.yar,735,
0dfceea40b2fd0a3ba0a6476ff85637d18351bc2,DELETE,executable,rules-master/malware/xRAT.yar,821,
d1a342c4a6de20f0389aa4b21006f644789dde46,DELETE,executable,rules-master/malware/xRAT20.yar,1369,
10e5993c673dfaf80f4da7e6a7cd35b7b4d778f8,DELETE,executable,rules-master/packer.yar,594487,
440555cedbfc1e78a85bd23e1d1453804ec9205e,DELETE,executable,yara-1.4.tar.gz,462125,
65670237d26ab3707337daa223950243d2f05afb,DELETE,executable,yara-1.4/.deps/yara.Po,4259,
30f028e5879bc2c0fca4a87864d70a6d7630293f,DELETE,executable,yara-1.4/AUTHORS,43,
623b6258a134210f0b0ada106fdaab7f0370d9c5,DELETE,executable,yara-1.4/COPYING,18002,
4df20965762947c4d1c3e0e9975d6c3a3403fdbf,DELETE,executable,yara-1.4/ChangeLog,1980,
5458714e1e2cb289572992ad92eceffc848f64d6,DELETE,executable,yara-1.4/INSTALL,9416,
b2d2b5cbbdfae2fe53850bd0b0c63b1fa5fe52fb,DELETE,executable,yara-1.4/Makefile,23292,
f909e72b63d5683613028e71f9cf7e1f9b43e6cf,DELETE,executable,yara-1.4/Makefile.am,292,
c9bc1bd008251963abd17d72763a422f8272018f,DELETE,executable,yara-1.4/Makefile.in,23345,
e69de29bb2d1d6434b8b29ae775ad8c2e48c5391,DELETE,executable,yara-1.4/NEWS,0,
0cb22f6a7eda1f56babc530a008224f457e32ae5,DELETE,executable,yara-1.4/README,324,
ce67b577839227054fbf6ea0bdc9a8f7a7d1631a,DELETE,executable,yara-1.4/aclocal.m4,31848,
396482d6cb50b24a598700992f65d340165591d6,DELETE,executable,yara-1.4/config.guess,44208,
bb2b4f65b8fdf467fd1dc6e3260630ef58f946a4,DELETE,executable,yara-1.4/config.h,775,
8536a211dd27a66d2b8bf194b02b2beda962c543,DELETE,executable,yara-1.4/config.h.in,637,
dcf1a793cd3d49c40fa1d86a1aa264324242421e,DELETE,executable,yara-1.4/config.log,9411,
6aa3770728c62cf34ac60fc08ab568d6a246302d,DELETE,executable,yara-1.4/config.status,29015,
fab0aa3556632a4aec253b77804270a096c11c3e,DELETE,executable,yara-1.4/config.sub,32560,
ccc7531a6aee3db519f587dd9a53b2b68e407f4f,DELETE,executable,yara-1.4/configure,145228,
d4d29d0634f401e3f276639567107beb45ca1beb,DELETE,executable,yara-1.4/configure.ac,635,
e5f9736c7239301c765e2d7abefb9bb9b9237ac5,DELETE,executable,yara-1.4/depcomp,17867,
a5897de6ea7f74f83fd793474bb4738d32884719,DELETE,executable,yara-1.4/install-sh,13620,
b81824de1d6189bf000031bf926add2d84ea59df,DELETE,executable,yara-1.4/libyara/.deps/ast.Plo,3398,
293217bab4838cd79e93aae648d8c3943d1d3d95,DELETE,executable,yara-1.4/libyara/.deps/eval.Plo,3309,
d9ba5c49acaed2efa9f40a37130bcb3119383c27,DELETE,executable,yara-1.4/libyara/.deps/filemap.Plo,4085,
48e104597e14d0a578f1174dd404267b7df8d95b,DELETE,executable,yara-1.4/libyara/.deps/grammar.Plo,3968,
26b294e594a83f39cc9d98924a8f55fb94f1bc6f,DELETE,executable,yara-1.4/libyara/.deps/lex.Plo,4868,
8f565e2875845de9c861f27d658d3d543d3c32a8,DELETE,executable,yara-1.4/libyara/.deps/libyara.Plo,3347,
2c1c1359ff1ed4972bd3a5ca51438489275c3cbf,DELETE,executable,yara-1.4/libyara/.deps/mem.Plo,2609,
8a9a0a13fed60a84450b82c984083bb3e39bdb25,DELETE,executable,yara-1.4/libyara/.deps/pefile.Plo,2585,
6458db265c02db55e5781ff5813559b05f933b04,DELETE,executable,yara-1.4/libyara/.deps/scan.Plo,3412,
8160cc96bbe5927b0ae7fee7e5ca87a9525fa7b1,DELETE,executable,yara-1.4/libyara/.deps/weight.Plo,2997,
725e79e29bbba735423f2a15acbdcb761d651ca4,DELETE,executable,yara-1.4/libyara/.deps/xtoi.Plo,1452,
326c59eadb9bd619b2cd3ef19980f3ba425ce15b,DELETE,executable,yara-1.4/libyara/.libs/ast.o,51392,
b2aeb8e2aadf2be13754dbf2f5f1d3a4a75f209f,DELETE,executable,yara-1.4/libyara/.libs/eval.o,21648,
04efeb8da230706e4eff8fdc2b866aa5daeaa8ac,DELETE,executable,yara-1.4/libyara/.libs/filemap.o,9832,
56d2ecabc20c421bffd32e9acb2ee3071df4d28a,DELETE,executable,yara-1.4/libyara/.libs/grammar.o,88760,
1eaf843d99b14353ed5539375d47d378443db4f3,DELETE,executable,yara-1.4/libyara/.libs/lex.o,108584,
745c559d3d8007120dc51991fbae339e88f0b71b,DELETE,executable,yara-1.4/libyara/.libs/libyara.a,419570,
337a1cbb7fc14fdfab4f9643e38250e09faa200c,DELETE,executable,yara-1.4/libyara/.libs/libyara.lai,926,
4064d6a64baae855e6f0e711fc503a6f6b4ab2f3,DELETE,executable,yara-1.4/libyara/.libs/libyara.o,45768,
a37d427229d233423778f78c1317b1647795de1a,DELETE,executable,yara-1.4/libyara/.libs/libyara.so.0.0.0,236288,
ff461e9240c7800253cd9dc00d8ce00482fdcb14,DELETE,executable,yara-1.4/libyara/.libs/mem.o,5192,
0dfa18fd65cb0a7915d60482781b4442df9c9e36,DELETE,executable,yara-1.4/libyara/.libs/pefile.o,11432,
6a8fb9416f6f5a17a08020d1fa6d64d046dfee33,DELETE,executable,yara-1.4/libyara/.libs/scan.o,51936,
67a14f4441c492b31e55dcca60d21c227cc8ce06,DELETE,executable,yara-1.4/libyara/.libs/weight.o,7160,
054d7926b682b4b6c19b124514eede93cec07713,DELETE,executable,yara-1.4/libyara/.libs/xtoi.o,4312,
a6ee67ae1455d6b1a8899af4e7d6dfc1fae84cd7,DELETE,executable,yara-1.4/libyara/Makefile,21910,
62376f6cf3a3c845ae86e63c8433ad6c8106d2ad,DELETE,executable,yara-1.4/libyara/Makefile.am,410,
da62b8c7ad673db0e53ca3af8636f21199ea3e8e,DELETE,executable,yara-1.4/libyara/Makefile.in,22436,
e69de29bb2d1d6434b8b29ae775ad8c2e48c5391,DELETE,executable,yara-1.4/libyara/README,0,
7e94441c48e2960140c24160600df6cc32a5720c,DELETE,executable,yara-1.4/libyara/aclocal.m4,32607,
df78ec8cd4cf3505908654facf73ace36dca4d40,DELETE,executable,yara-1.4/libyara/ast.c,21428,
24ed6bdb7c39805e41bd3d4aada71785f48848df,DELETE,executable,yara-1.4/libyara/ast.h,5413,
de3f20fc35ca7d87475bfbd0774278ab6b05d43a,DELETE,executable,yara-1.4/libyara/ast.lo,263,
68945b9f4898e7418df3a209d2f591fd710d3d36,DELETE,executable,yara-1.4/libyara/ast.o,52344,
6a9c90b93f38443398e80e8831c1b6bd98e3ac14,DELETE,executable,yara-1.4/libyara/config.h,1938,
c4b31221c05b8aaf8d1f3101b58c6d0ab50506c0,DELETE,executable,yara-1.4/libyara/config.h.in,1742,
ca62156f6d355b87f97b9b3b85d290cfdc20efef,DELETE,executable,yara-1.4/libyara/config.log,69405,
031630be6b088803bf561c5d441da172ed006cf9,DELETE,executable,yara-1.4/libyara/config.status,56043,
568cc5a47e4a43318c6f84e339adb265a2adec5e,DELETE,executable,yara-1.4/libyara/configure,395262,
4ec6554468ff646aa5280483cda40400b69e9c53,DELETE,executable,yara-1.4/libyara/configure.ac,595,
a53796c15620fe318a70e236e1e8e66943bb7a76,DELETE,executable,yara-1.4/libyara/eval.c,9165,
f468d9a896367c3bbbed2732cb7d90836b789b6b,DELETE,executable,yara-1.4/libyara/eval.h,829,
2fb39289faf8c0fe8884f10829661da24eab0071,DELETE,executable,yara-1.4/libyara/eval.lo,266,
2ea64036cd5a74f764dd486882535a48b7daec89,DELETE,executable,yara-1.4/libyara/eval.o,21760,
969d8845005bc882299e33712b50de4bc1f34153,DELETE,executable,yara-1.4/libyara/filemap.c,2850,
b87e1e4c3015d34a6e91930543388dc647f228ee,DELETE,executable,yara-1.4/libyara/filemap.h,992,
8fcf915e5e1fbd11958a46c0c268cdbddfa68e74,DELETE,executable,yara-1.4/libyara/filemap.lo,275,
7f31bd35d168933900e5422df2b2dcffaad367ce,DELETE,executable,yara-1.4/libyara/filemap.o,9784,
9211c5d9c9fc72c6a2a68901673d0d6efd7c4a9e,DELETE,executable,yara-1.4/libyara/grammar.c,100915,
947c28054285bd0dd2fc8762310ea1de9791cd35,DELETE,executable,yara-1.4/libyara/grammar.h,4746,
e82880507e11d12832276427d7d23809a6d95c79,DELETE,executable,yara-1.4/libyara/grammar.lo,275,
9735ba28adc93b0a87e4fb28bd0ae509f4a82d29,DELETE,executable,yara-1.4/libyara/grammar.o,89608,
175fc663e0407aa5df780ad755ba2b480c23ad48,DELETE,executable,yara-1.4/libyara/grammar.y,43205,
d70db29f01eaa38ca3d545b7468593c80d0dd4db,DELETE,executable,yara-1.4/libyara/lex.c,78922,
2b5459156dd2857ba8fd52ec80e7ecefa34969b6,DELETE,executable,yara-1.4/libyara/lex.h,929,
f05b305049f1ad945d2d0ef0eb9229de819933db,DELETE,executable,yara-1.4/libyara/lex.l,12441,
cb0240b292e88b986ae7fa822b05ab075a67d38e,DELETE,executable,yara-1.4/libyara/lex.lo,263,
98286c6e4221de87d10ba68e0355f85f82b9f2c4,DELETE,executable,yara-1.4/libyara/lex.o,117704,
69284a82865f6867159f9728a6f3917deab46c47,DELETE,executable,yara-1.4/libyara/libtool,239776,
4090223aee5339742a003b5ab4c826b5e9392887,DELETE,executable,yara-1.4/libyara/libyara.c,16849,
f77b9adc08015a54f951f8727aaa7223f838df4c,DELETE,executable,yara-1.4/libyara/libyara.la,925,
d3ad98db5288019f1b527d228710941dc341681c,DELETE,executable,yara-1.4/libyara/libyara.lo,275,
781cb7cb9fd983bf7f6b4562a9f4e8ea133559f5,DELETE,executable,yara-1.4/libyara/libyara.o,45376,
174e49238b5c4bd99bccd54dae46965f0c4f04f2,DELETE,executable,yara-1.4/libyara/ltmain.sh,225109,
6c4595a074d872ccf4d9828a0a350e87c7aa0deb,DELETE,executable,yara-1.4/libyara/m4/libtool.m4,257740,
e97011948b481651bdfb2cb9c3acd88b80a74831,DELETE,executable,yara-1.4/libyara/m4/ltoptions.m4,11927,
0d258e070a24d695ceba7e2f3a6071b6915e1d01,DELETE,executable,yara-1.4/libyara/m4/ltsugar.m4,4274,
45cb1557c3af3e759b210080388311d2b29ac217,DELETE,executable,yara-1.4/libyara/m4/ltversion.m4,701,
637bb2066c425f79faecd6cc9e4e6b5074c6b55c,DELETE,executable,yara-1.4/libyara/m4/lt~obsolete.m4,5707,
72d3d6393ddd75d851ecf9549e367b487830f616,DELETE,executable,yara-1.4/libyara/mem.c,1312,
f10d04991a259c98b6e8ba473965ef06b4ba65bc,DELETE,executable,yara-1.4/libyara/mem.h,700,
232c065ac402cb8228a09579776145bc3dd60ad9,DELETE,executable,yara-1.4/libyara/mem.lo,263,
0209eaa763c692733fe5fb2dfea64e002ac150ad,DELETE,executable,yara-1.4/libyara/mem.o,5136,
1c8ff7049d8f3aaa9741c53e7f3145d9b76a77d8,DELETE,executable,yara-1.4/libyara/missing,11135,
8e49784470fc9b1747d854a6deb074df4410eabf,DELETE,executable,yara-1.4/libyara/pe.h,7595,
cf2bb8349692279cbd79d04696b08fbcbc38510b,DELETE,executable,yara-1.4/libyara/pefile.c,2733,
97714bb05a6d972992a07519611765b65b0d40cf,DELETE,executable,yara-1.4/libyara/pefile.h,707,
39cac910e042ca64b88ddbc4a50d7e4208e71c36,DELETE,executable,yara-1.4/libyara/pefile.lo,272,
23ed6bb00d8f05c42eb3fb2d2d565ba366e9860d,DELETE,executable,yara-1.4/libyara/pefile.o,11176,
71aae6510a7778c983b327a4b7f830ff8f99d445,DELETE,executable,yara-1.4/libyara/scan.c,20026,
2434015d770b21a5dacf2ff94dae6a840149fd26,DELETE,executable,yara-1.4/libyara/scan.lo,266,
c1128b545a99106d4f25a1e2c2c4ef1459323143,DELETE,executable,yara-1.4/libyara/scan.o,52376,
1e23a118050b0a11ed04ad7f53343958834f79c2,DELETE,executable,yara-1.4/libyara/sizedstr.h,866,
4547fe1b5efa99ebbf20e1fa55fdbd528abd3a97,DELETE,executable,yara-1.4/libyara/stamp-h1,23,
5b4c877b28039bf526a7160cda0ba87e09ae5877,DELETE,executable,yara-1.4/libyara/weight.c,995,
5de7ad8b0c08d81a87af5fbf2ffe1e3caa4bf397,DELETE,executable,yara-1.4/libyara/weight.h,642,
890490884734c72d3e8bf8cd7cdafca1dedf8f13,DELETE,executable,yara-1.4/libyara/weight.lo,272,
2054e420f1cb533c84c7b88f4f577a2a6e564c04,DELETE,executable,yara-1.4/libyara/weight.o,7152,
ce5bc2fe9da2f17a58ffa278b5e215547dc6c17c,DELETE,executable,yara-1.4/libyara/xtoi.c,1361,
06fda267c8c2d5cdb742c739d50264f81f0a5e91,DELETE,executable,yara-1.4/libyara/xtoi.h,688,
1eb2775e89b5ddfcb1bc03906433ebc5b3773b60,DELETE,executable,yara-1.4/libyara/xtoi.lo,266,
a21504a3b3aacfd8d0964340cb6c6fa43d3f92b5,DELETE,executable,yara-1.4/libyara/xtoi.o,4256,
ac0fca71528ffc16c00c00d5618cc4a8c18aa682,DELETE,executable,yara-1.4/libyara/yara.h,8746,
102bd893f76177cb801fb4968452265e324b7ae2,DELETE,executable,yara-1.4/libyara/ylwrap,6193,
174e49238b5c4bd99bccd54dae46965f0c4f04f2,DELETE,executable,yara-1.4/ltmain.sh,225109,
1c8ff7049d8f3aaa9741c53e7f3145d9b76a77d8,DELETE,executable,yara-1.4/missing,11135,
4547fe1b5efa99ebbf20e1fa55fdbd528abd3a97,DELETE,executable,yara-1.4/stamp-h1,23,
67826d5da3fb5e22034716ca4692a97210b3dbc9,DELETE,executable,yara-1.4/yara,252600,
ed351739f125727f3ad7c5f2c542e3ae47647db8,DELETE,executable,yara-1.4/yara.c,12126,
cb54ff078d7c8c4a7dd7f81f961a1668c121ae6b,DELETE,executable,yara-1.4/yara.man,1879,
adfcd8bc52839c267b6ea530a6668ec153b8af8a,DELETE,executable,yara-1.4/yara.o,56424,
102bd893f76177cb801fb4968452265e324b7ae2,DELETE,executable,yara-1.4/ylwrap,6193,
20c1a098ed2eda9fdbbd155e5a4cc363aa4643e3,DELETE,executable,yara-python-1.4.tar.gz,7349,
a25679bcd5f1fb24cdf5fc32fcfa77efd491570b,DELETE,executable,yara-python-1.4/PKG-INFO,218,
2da0c0b99070729ddbc22b6c5683cc61ee627edb,DELETE,executable,yara-python-1.4/README,4387,
067d371f3036bbd517316f07895b799fa9196b67,DELETE,executable,yara-python-1.4/build/lib.linux-x86_64-2.7/yara.so,55824,
0fcdaba2b14cf27b8cad62dbf8cfabf573832d5e,DELETE,executable,yara-python-1.4/build/temp.linux-x86_64-2.7/yara-python.o,68696,
47760c828283d7a70e802a2d2a244273a170b579,DELETE,executable,yara-python-1.4/setup.py,646,
17d1d66bdc1032cab0fdae8fb98661b0c7c53d2a,DELETE,executable,yara-python-1.4/yara-python.c,24938,